,SL_bbox,SL_lm,HL_bbox,HL_lm,pOD_bbox,pOD_lm,ED_bbox,ED_lm,HH_lm,EA_m,HA_m,FA_pca,FA_lm,scale,unit,FA_pca_meta
INHS_FISH_52831,2.86,2.86,0.65,0.65,0.12,0.12,0.2,0.2,132,0.03,0.2,2.59,1.32,393.462,cm,1.68
INHS_FISH_85989,3.86,3.87,0.89,0.89,0.22,0.25,0.23,0.23,199,0.03,0.37,5.07,4.17,391.092,cm,5.17
INHS_FISH_58003,4.62,4.62,1.13,1.14,0.32,0.32,0.34,0.33,245,0.08,0.6,1.15,1.35,394.025,cm,2.12
INHS_FISH_45484,5.22,5.22,1.37,1.36,0.42,0.42,0.37,0.37,294,0.09,0.85,1.25,0.11,391.838,cm,1.05
INHS_FISH_54317,3.56,3.57,0.76,0.76,0.15,0.15,0.23,0.24,171,0.04,0.3,178.39,-3.34,394.215,cm,-1.81
INHS_FISH_76260,3.4,3.4,0.89,0.89,0.24,0.26,0.23,0.23,190,0.04,0.37,0.69,-1.55,392.327,cm,-0.78
INHS_FISH_39175,4.89,4.9,1.23,1.23,0.38,0.38,0.32,0.32,238,0.07,0.62,175.35,-4.34,393.792,cm,-5.1
INHS_FISH_89077,5.82,5.82,1.25,1.25,0.33,0.34,0.4,0.4,272,0.11,0.71,1.69,1.37,394.747,cm,0.72
INHS_FISH_83216,4.69,4.7,1.01,1.01,0.24,0.24,0.29,0.29,216,0.06,0.49,5.66,4.86,394.2,cm,5.42
INHS_FISH_79214,5.4,5.4,1.43,1.43,0.46,0.46,0.41,0.41,277,0.12,0.82,3.65,3.32,392.809,cm,3.73
INHS_FISH_50103,4.52,4.52,1.07,1.07,0.3,0.32,0.3,0.3,226,0.06,0.5,178.91,-2.22,394.441,cm,-2.09
INHS_FISH_90066,4.18,4.18,1.02,1.03,0.24,0.24,0.27,0.27,206,0.06,0.48,1.67,2.16,394.401,cm,1.77
INHS_FISH_64591,4.66,4.66,1.16,1.15,0.32,0.33,0.34,0.33,235,0.08,0.58,0.57,-0.16,393.003,cm,0.29
INHS_FISH_107855,4.17,4.17,0.89,0.89,0.2,0.21,0.31,0.31,210,0.06,0.43,178.51,-0.42,393.956,cm,-1.52
INHS_FISH_45623,5.54,5.54,1.29,1.29,0.39,0.4,0.42,0.42,266,0.11,0.74,2.52,2.1,394.01,cm,1.92
INHS_FISH_82900,4.02,4.02,0.9,0.9,0.22,0.24,0.3,0.29,180,0.06,0.37,178.41,-1.25,374.921,cm,-1.73
INHS_FISH_39569,8.92,8.92,1.96,1.96,0.58,0.6,0.58,0.58,351,0.21,1.63,1.95,0.71,361.421,cm,1.6
INHS_FISH_5569,3.2,3.2,0.77,0.78,0.21,0.21,0.22,0.22,169,0.03,0.3,2.45,2.83,393.217,cm,2.44
INHS_FISH_105892,4.07,4.06,0.99,0.99,0.25,0.25,0.3,0.3,198,0.06,0.43,179.53,-0.21,394.407,cm,-0.57
INHS_FISH_65468,5.39,5.39,1.24,1.24,0.33,0.33,0.39,0.39,266,0.11,0.75,0.16,0.32,394.355,cm,0.67
INHS_FISH_87372,4.51,4.53,1.15,1.17,0.35,0.36,0.27,0.27,252,0.04,0.65,4.49,5.03,395.159,cm,3.53
INHS_FISH_87395,3.78,3.78,0.86,0.86,0.22,0.24,0.27,0.26,186,0.05,0.36,1.08,0.31,393.218,cm,0.54
INHS_FISH_57790,5.04,5.04,1.12,1.14,0.27,0.35,0.31,0.31,150,0.07,0.57,1.04,-1.54,392.338,cm,-0.23
INHS_FISH_49726,4.15,4.16,0.99,0.99,0.27,0.27,0.29,0.28,204,0.06,0.45,4.6,3.27,391.761,cm,3.51
INHS_FISH_63069,6.35,6.35,1.42,1.42,0.4,0.42,0.41,0.41,286,0.1,0.88,2.24,1.12,394.267,cm,1.52
INHS_FISH_38217,9.81,9.82,2.36,2.37,0.82,0.82,0.66,0.66,414,0.3,2.35,2.17,2.28,334.936,cm,1.76
INHS_FISH_64052,3.98,4.0,0.98,0.99,0.29,0.29,0.31,0.31,214,0.07,0.46,6.05,5.21,393.968,cm,5.39
INHS_FISH_64828,3.95,4.06,0.94,0.94,0.26,0.26,0.29,0.29,206,0.06,0.42,15.3,13.81,392.803,cm,14.85
INHS_FISH_62711,4.02,4.02,0.9,0.9,0.23,0.24,0.31,0.31,189,0.07,0.36,177.63,-3.3,393.3,cm,-3.91
INHS_FISH_82543,3.66,3.65,0.9,0.89,0.21,0.23,0.27,0.27,180,0.05,0.35,1.82,0.2,394.444,cm,1.39
INHS_FISH_45655,4.22,4.22,1.07,1.07,0.31,0.31,0.32,0.32,222,0.07,0.49,5.32,2.98,392.036,cm,3.68
INHS_FISH_40851,4.53,4.55,1.24,1.26,0.32,0.41,0.32,0.32,262,0.07,0.71,177.07,-5.15,393.941,cm,-2.81
INHS_FISH_109184,4.71,4.72,1.06,1.07,0.28,0.28,0.32,0.32,206,0.07,0.52,4.07,4.63,378.214,cm,3.57
INHS_FISH_57676,4.29,4.34,1.06,1.07,0.32,0.32,0.33,0.33,238,0.08,0.53,10.96,8.46,394.783,cm,9.88
INHS_FISH_62666,3.86,3.86,1.02,1.02,0.22,0.26,0.34,0.34,211,0.08,0.46,0.25,-1.75,397.199,cm,-0.58
INHS_FISH_82397,4.9,4.91,1.17,1.17,0.36,0.36,0.34,0.34,255,0.09,0.64,2.69,2.43,393.762,cm,2.76
INHS_FISH_38302,6.15,6.15,1.25,1.25,0.32,0.33,0.4,0.4,267,0.11,0.78,3.59,1.82,374.485,cm,2.61
INHS_FISH_38421,5.28,5.28,1.29,1.29,0.33,0.34,0.39,0.39,256,0.11,0.68,179.88,0.3,394.121,cm,-0.36
INHS_FISH_87561,3.54,3.56,0.88,0.88,0.23,0.23,0.28,0.27,182,0.06,0.34,9.04,6.44,393.431,cm,8.6
INHS_FISH_64847,4.44,4.5,1.11,1.11,0.33,0.35,0.3,0.3,248,0.06,0.56,10.9,8.94,397.83,cm,9.6
INHS_FISH_65592,4.97,4.98,0.99,0.99,0.26,0.28,0.3,0.3,235,0.06,0.52,4.88,3.28,393.69,cm,4.11
INHS_FISH_46357,4.29,4.32,0.98,0.98,0.25,0.26,0.32,0.32,236,0.07,0.51,9.13,6.99,395.714,cm,8.29
INHS_FISH_78752,3.47,3.47,0.86,0.86,0.21,0.21,0.28,0.28,176,0.05,0.32,4.69,3.39,395.069,cm,4.48
INHS_FISH_87409,4.53,4.53,1.13,1.13,0.34,0.35,0.33,0.33,237,0.07,0.57,1.98,1.5,395.317,cm,1.28
INHS_FISH_42877,3.86,3.87,1.04,1.04,0.32,0.32,0.31,0.31,210,0.07,0.46,5.84,5.37,394.015,cm,5.72
INHS_FISH_75572,7.76,7.76,1.77,1.77,0.55,0.56,0.49,0.49,350,0.16,1.32,1.14,1.17,392.285,cm,1.1
INHS_FISH_55788,3.98,3.98,0.97,0.97,0.27,0.27,0.31,0.31,212,0.06,0.44,179.41,0.22,395.411,cm,0.15
INHS_FISH_39104,5.13,5.15,1.02,1.02,0.29,0.3,0.3,0.29,243,0.05,0.51,5.71,5.28,392.223,cm,5.41
INHS_FISH_57998,4.97,5.05,1.26,1.26,0.36,0.36,0.36,0.36,264,0.09,0.69,10.83,10.24,396.478,cm,11.34
INHS_FISH_88076,6.5,6.5,1.54,1.54,0.46,0.46,0.42,0.42,287,0.12,0.88,179.51,-1.67,395.8,cm,-0.73
INHS_FISH_99608,3.39,3.39,0.95,0.96,0.25,0.25,0.28,0.28,192,0.05,0.36,0.94,0.13,395.037,cm,0.43
INHS_FISH_97820,2.97,2.97,0.74,0.74,0.18,0.18,0.25,0.24,153,0.04,0.25,4.93,3.91,394.865,cm,4.59
INHS_FISH_94624,6.0,6.03,1.42,1.42,0.39,0.39,0.46,0.46,305,0.15,0.91,5.8,6.33,391.135,cm,5.7
INHS_FISH_62643,4.15,4.15,0.91,0.91,0.25,0.27,0.23,0.23,207,0.05,0.43,0.2,0.21,392.171,cm,-0.76
INHS_FISH_33711,3.31,3.31,0.67,0.67,0.13,0.15,0.24,0.24,162,0.04,0.25,3.4,2.4,397.545,cm,3.04
INHS_FISH_28516,6.0,6.0,1.32,1.32,0.39,0.39,0.35,0.34,257,0.08,0.74,4.56,2.68,392.026,cm,3.63
INHS_FISH_39101,8.16,8.16,1.88,1.88,0.55,0.56,0.53,0.53,324,0.19,1.46,1.37,0.83,357.064,cm,0.65
INHS_FISH_27108,3.72,3.77,0.9,0.9,0.29,0.29,0.26,0.26,192,0.05,0.36,11.52,9.87,394.322,cm,10.92
INHS_FISH_57867,6.16,6.21,1.42,1.44,0.39,0.39,0.46,0.46,306,0.15,0.94,8.62,7.76,394.644,cm,8.12
INHS_FISH_79758,4.19,4.2,0.96,0.96,0.27,0.27,0.31,0.3,194,0.07,0.41,5.83,4.95,394.084,cm,5.37
INHS_FISH_39603,5.39,5.41,1.32,1.32,0.37,0.37,0.37,0.37,261,0.1,0.72,6.97,5.7,399.662,cm,6.56
INHS_FISH_51878,4.84,4.85,1.22,1.22,0.32,0.32,0.37,0.37,252,0.1,0.65,2.97,3.01,393.26,cm,3.24
INHS_FISH_86754,4.84,4.92,1.23,1.23,0.39,0.39,0.33,0.33,248,0.08,0.64,11.93,10.73,392.864,cm,11.65
INHS_FISH_45487,3.97,3.97,0.98,0.99,0.29,0.36,0.24,0.24,128,0.03,0.4,178.29,-2.72,392.381,cm,-1.94
INHS_FISH_60532,6.13,6.14,1.62,1.62,0.44,0.46,0.46,0.46,317,0.15,1.1,175.5,-3.99,378.883,cm,-4.7
INHS_FISH_109180,5.34,5.34,1.18,1.19,0.32,0.37,0.38,0.38,252,0.09,0.66,0.14,-1.67,378.365,cm,-0.38
INHS_FISH_85684,3.89,3.89,0.94,0.94,0.28,0.28,0.27,0.27,200,0.05,0.4,177.8,-1.47,392.242,cm,-3.51
INHS_FISH_107279,4.93,4.94,1.14,1.14,0.33,0.33,0.36,0.35,253,0.09,0.62,176.08,-4.05,395.219,cm,-4.07
INHS_FISH_98276,2.78,2.82,0.7,0.72,0.16,0.17,0.22,0.21,150,0.03,0.25,9.29,9.84,393.887,cm,9.6
INHS_FISH_97377,3.79,3.79,0.78,0.78,0.16,0.19,0.28,0.28,196,0.06,0.35,1.2,-1.3,395.782,cm,0.25
INHS_FISH_62865,3.98,4.0,1.01,1.02,0.3,0.31,0.33,0.32,215,0.07,0.44,6.6,6.21,393.411,cm,5.91
INHS_FISH_65480,3.4,3.4,0.8,0.8,0.2,0.2,0.24,0.24,185,0.04,0.31,0.68,2.31,393.533,cm,1.57
INHS_FISH_89697,3.91,3.91,0.91,0.91,0.21,0.21,0.32,0.32,200,0.07,0.41,0.42,2.23,394.678,cm,2.18
INHS_FISH_48405,3.95,4.01,1.02,1.01,0.3,0.32,0.27,0.27,216,0.04,0.48,14.14,10.3,392.704,cm,12.44
INHS_FISH_88057,6.76,6.75,1.67,1.67,0.47,0.48,0.48,0.48,321,0.16,1.14,0.42,0.39,394.731,cm,0.28
INHS_FISH_68383,3.45,3.45,0.84,0.84,0.22,0.22,0.26,0.26,167,0.05,0.31,177.92,-2.16,392.801,cm,-2.02
INHS_FISH_39009,2.99,3.08,0.73,0.73,0.2,0.2,0.23,0.23,160,0.04,0.23,14.94,14.4,392.946,cm,14.78
INHS_FISH_57695,5.73,5.73,1.27,1.28,0.33,0.33,0.42,0.41,274,0.12,0.78,178.97,-1.26,396.162,cm,-0.89
INHS_FISH_54294,5.05,5.05,1.32,1.32,0.4,0.41,0.41,0.41,297,0.11,0.79,1.35,0.66,394.574,cm,1.2
INHS_FISH_81465,4.19,4.22,1.07,1.08,0.31,0.32,0.32,0.32,226,0.08,0.5,6.68,6.64,395.872,cm,10.93
INHS_FISH_77121,5.41,5.41,1.2,1.2,0.34,0.34,0.35,0.35,251,0.09,0.65,2.27,0.7,393.16,cm,2.46
INHS_FISH_109884,4.54,4.54,1.0,0.99,0.25,0.27,0.34,0.34,109,0.08,0.4,178.83,-2.34,393.936,cm,-2.59
INHS_FISH_45686,2.83,2.84,0.75,0.75,0.19,0.2,0.25,0.24,157,0.04,0.25,5.63,3.07,394.443,cm,5.26
INHS_FISH_54292,3.82,3.84,0.94,0.94,0.25,0.25,0.32,0.31,207,0.06,0.41,6.31,5.48,392.705,cm,6.56
INHS_FISH_64262,5.99,6.0,1.54,1.57,0.45,0.45,0.43,0.43,309,0.13,0.96,3.98,4.46,392.348,cm,4.2
INHS_FISH_57626,4.61,4.61,1.06,1.06,0.26,0.27,0.33,0.33,236,0.08,0.59,179.8,-1.14,394.096,cm,-0.41
INHS_FISH_51491,5.56,5.56,1.32,1.32,0.38,0.39,0.37,0.37,279,0.09,0.75,3.23,3.04,393.759,cm,3.31
INHS_FISH_88093,4.86,4.86,1.04,1.04,0.25,0.26,0.29,0.29,235,0.06,0.56,2.24,1.91,395.064,cm,2.56
INHS_FISH_1475,4.27,4.27,1.0,1.02,0.26,0.26,0.31,0.31,213,0.07,0.46,1.51,2.36,397.535,cm,2.08
INHS_FISH_61088,4.06,4.07,1.02,1.02,0.25,0.25,0.29,0.29,210,0.06,0.47,5.9,5.17,392.993,cm,5.6
INHS_FISH_57950,4.55,4.55,1.09,1.08,0.27,0.29,0.32,0.32,227,0.07,0.53,3.89,2.87,395.251,cm,6.33
INHS_FISH_87354,5.72,5.72,1.16,1.16,0.29,0.29,0.37,0.37,255,0.09,0.66,178.87,-1.47,396.081,cm,-1.47
INHS_FISH_39584,3.87,3.87,0.87,0.88,0.22,0.22,0.27,0.26,179,0.05,0.34,177.33,-2.35,391.081,cm,-2.77
INHS_FISH_76551,4.76,4.77,1.14,1.14,0.29,0.3,0.34,0.34,229,0.08,0.57,3.19,2.26,393.505,cm,2.78
INHS_FISH_42535,3.14,3.14,0.72,0.72,0.21,0.22,0.16,0.16,155,0.02,0.25,0.29,0.65,392.231,cm,1.24
INHS_FISH_28477,5.02,5.03,1.32,1.32,0.46,0.46,0.32,0.32,260,0.07,0.69,3.09,3.37,395.697,cm,2.17
INHS_FISH_78507,4.64,4.65,1.14,1.14,0.33,0.35,0.35,0.34,251,0.08,0.61,5.14,3.48,393.951,cm,4.05
INHS_FISH_47091,5.74,5.74,1.25,1.25,0.35,0.37,0.39,0.39,259,0.11,0.73,2.09,1.43,363.701,cm,1.15
INHS_FISH_35020,4.84,4.84,1.07,1.06,0.32,0.32,0.33,0.32,222,0.07,0.5,0.09,-0.84,394.45,cm,-0.71
INHS_FISH_97446,4.39,4.4,0.96,0.96,0.23,0.26,0.3,0.3,134,0.06,0.4,178.69,-2.44,395.518,cm,-1.42
INHS_FISH_65449,4.31,4.31,0.91,0.91,0.24,0.25,0.29,0.29,211,0.06,0.45,2.12,2.15,395.307,cm,2.19
INHS_FISH_92883,4.16,4.2,0.94,0.99,0.25,0.26,0.34,0.34,215,0.07,0.43,7.6,8.13,395.723,cm,8.15
INHS_FISH_99207,4.26,4.26,1.03,1.04,0.24,0.24,0.31,0.31,213,0.07,0.49,1.61,1.51,393.269,cm,1.55
INHS_FISH_62986,6.18,6.18,1.47,1.46,0.4,0.43,0.43,0.43,312,0.12,0.99,1.55,1.18,391.989,cm,1.05
INHS_FISH_88630,4.57,4.65,1.08,1.11,0.33,0.33,0.34,0.34,249,0.08,0.58,11.3,10.96,395.561,cm,11.05
INHS_FISH_102958,3.37,3.37,0.89,0.89,0.24,0.28,0.27,0.26,183,0.05,0.36,1.42,0.09,392.894,cm,1.07
INHS_FISH_41797,5.95,5.96,1.36,1.36,0.39,0.4,0.36,0.36,257,0.1,0.82,5.45,3.02,375.716,cm,4.91
INHS_FISH_78175,5.6,5.6,1.24,1.24,0.36,0.36,0.35,0.35,255,0.09,0.69,0.32,0.31,393.464,cm,0.14
INHS_FISH_89039,2.04,2.04,0.54,0.54,0.12,0.13,0.17,0.17,113,0.02,0.14,7.84,5.12,394.334,cm,7.08
INHS_FISH_102621,3.35,3.38,0.86,0.86,0.22,0.22,0.29,0.29,195,0.06,0.36,13.35,8.51,393.897,cm,12.29
INHS_FISH_76360,5.0,5.02,1.12,1.12,0.31,0.31,0.34,0.34,255,0.07,0.59,5.12,5.5,396.799,cm,5.07
INHS_FISH_59481,5.61,5.61,1.34,1.34,0.35,0.36,0.38,0.37,292,0.09,0.86,178.96,-1.03,396.372,cm,-1.63
INHS_FISH_106370,3.83,3.83,0.87,0.88,0.18,0.18,0.26,0.25,180,0.05,0.36,179.99,0.27,393.611,cm,-0.27
INHS_FISH_79653,4.13,4.13,1.02,1.02,0.25,0.25,0.28,0.28,213,0.05,0.47,2.65,1.61,396.045,cm,2.37
INHS_FISH_50378,2.61,2.66,0.66,0.66,0.15,0.15,0.23,0.23,148,0.04,0.23,13.93,11.22,396.659,cm,12.87
INHS_FISH_75455,5.33,5.33,1.17,1.17,0.35,0.38,0.34,0.34,246,0.08,0.61,2.13,1.47,394.535,cm,1.68
INHS_FISH_57656,4.44,4.44,1.13,1.13,0.32,0.33,0.35,0.34,237,0.08,0.59,179.56,-0.13,392.753,cm,-0.35
INHS_FISH_33608,1.86,1.93,0.7,0.7,0.11,0.11,0.18,0.18,109,0.02,0.14,17.79,16.29,392.858,cm,17.75
INHS_FISH_57800,5.58,5.58,1.3,1.3,0.31,0.35,0.37,0.37,277,0.1,0.85,3.86,2.23,390.84,cm,3.56
INHS_FISH_54320,3.74,3.74,0.87,0.87,0.22,0.23,0.29,0.29,194,0.05,0.36,3.01,1.67,394.697,cm,2.24
INHS_FISH_38783,4.06,4.06,1.03,1.03,0.26,0.26,0.34,0.34,210,0.08,0.46,1.93,2.36,394.51,cm,1.94
INHS_FISH_55841,5.14,5.14,1.19,1.19,0.32,0.34,0.36,0.35,252,0.09,0.67,0.72,-0.6,392.625,cm,-0.48
INHS_FISH_1420,3.7,3.69,0.89,0.88,0.2,0.21,0.31,0.3,190,0.06,0.37,0.61,0.0,394.605,cm,0.75
INHS_FISH_63944,4.62,4.62,1.22,1.22,0.38,0.38,0.37,0.37,242,0.1,0.63,0.6,-0.5,393.799,cm,-0.19
INHS_FISH_42961,4.13,4.17,1.0,1.0,0.31,0.32,0.31,0.31,219,0.07,0.46,9.83,8.52,393.199,cm,10.11
INHS_FISH_12657,4.29,4.29,1.02,1.02,0.21,0.23,0.29,0.29,217,0.06,0.52,178.01,-2.71,394.974,cm,-2.19
INHS_FISH_109244,3.21,3.25,0.8,0.79,0.19,0.21,0.24,0.24,166,0.05,0.29,170.55,-9.34,394.562,cm,-9.57
INHS_FISH_64273,2.8,2.81,0.67,0.67,0.13,0.14,0.23,0.23,144,0.04,0.22,6.86,4.38,392.194,cm,5.52
INHS_FISH_74601,4.72,4.73,1.11,1.11,0.31,0.33,0.35,0.34,226,0.09,0.55,3.49,2.52,393.951,cm,3.53
INHS_FISH_79402,5.2,5.2,1.17,1.17,0.33,0.36,0.34,0.34,254,0.07,0.64,1.74,1.06,396.428,cm,1.31
INHS_FISH_109181,5.82,5.82,1.27,1.27,0.35,0.36,0.34,0.34,265,0.09,0.78,179.93,-0.6,378.773,cm,-0.76
INHS_FISH_99367,4.31,4.31,1.05,1.05,0.25,0.27,0.3,0.3,228,0.06,0.54,1.83,1.22,393.465,cm,1.24
INHS_FISH_49923,2.78,2.83,0.73,0.73,0.18,0.18,0.24,0.24,158,0.04,0.25,12.57,10.62,394.993,cm,11.23
INHS_FISH_44640,4.84,4.96,1.12,1.12,0.34,0.34,0.33,0.32,258,0.07,0.59,13.79,12.75,395.654,cm,13.12
INHS_FISH_58662,9.5,9.5,2.28,2.29,0.62,0.67,0.56,0.55,202,0.2,1.59,177.53,-2.08,356.057,cm,-3.12
INHS_FISH_67961,5.04,5.04,1.22,1.24,0.36,0.36,0.38,0.38,261,0.1,0.63,177.36,-1.1,393.143,cm,-2.22
INHS_FISH_29673,5.68,5.68,1.31,1.31,0.39,0.39,0.41,0.41,271,0.11,0.77,178.75,-1.33,394.234,cm,-1.39
INHS_FISH_106489,4.01,4.0,0.98,0.98,0.24,0.24,0.31,0.31,204,0.06,0.43,178.16,-0.51,393.472,cm,-1.51
INHS_FISH_62697,5.58,5.58,1.43,1.43,0.4,0.42,0.4,0.4,296,0.11,0.87,2.9,2.12,393.507,cm,2.66
INHS_FISH_39401,3.82,3.82,0.98,0.97,0.24,0.26,0.31,0.3,200,0.06,0.42,1.95,0.95,392.953,cm,0.48
INHS_FISH_57047,5.22,5.22,1.27,1.27,0.36,0.37,0.37,0.37,301,0.1,0.82,175.25,-2.95,395.031,cm,-4.79
INHS_FISH_75252,5.51,5.51,1.17,1.17,0.29,0.3,0.37,0.37,260,0.1,0.65,5.28,3.24,391.742,cm,4.32
INHS_FISH_38304,4.66,4.66,1.15,1.14,0.36,0.36,0.34,0.34,244,0.08,0.59,2.66,2.04,392.493,cm,2.38
INHS_FISH_64110,3.57,3.57,0.87,0.87,0.21,0.22,0.24,0.23,175,0.04,0.35,177.3,-2.45,392.998,cm,-2.82
INHS_FISH_82406,6.01,6.01,1.32,1.31,0.34,0.36,0.38,0.38,280,0.1,0.81,1.62,0.89,395.233,cm,0.67
INHS_FISH_64277,4.88,4.88,1.13,1.13,0.31,0.31,0.32,0.32,216,0.07,0.51,177.49,-1.61,394.614,cm,-3.66
INHS_FISH_40608,5.36,5.36,1.36,1.36,0.36,0.37,0.39,0.39,288,0.11,0.82,3.1,1.93,393.189,cm,2.2
INHS_FISH_57837,4.72,4.72,1.16,1.16,0.31,0.32,0.33,0.33,240,0.07,0.6,2.25,1.82,393.424,cm,2.55
INHS_FISH_79848,4.07,4.1,0.97,0.98,0.25,0.25,0.36,0.35,222,0.09,0.45,9.74,7.68,396.278,cm,8.81
INHS_FISH_82448,4.49,4.51,1.04,1.04,0.3,0.3,0.34,0.34,221,0.08,0.47,6.31,5.91,392.145,cm,5.65
INHS_FISH_68723,6.75,6.75,1.52,1.52,0.45,0.45,0.35,0.34,295,0.1,0.96,2.54,1.67,395.802,cm,2.1
INHS_FISH_58554,4.03,4.05,0.84,0.84,0.19,0.21,0.23,0.23,118,0.04,0.33,7.95,6.19,394.071,cm,7.59
INHS_FISH_64466,5.26,5.26,1.38,1.39,0.38,0.38,0.39,0.38,252,0.11,0.74,0.04,-0.41,394.512,cm,-0.54
INHS_FISH_97608,2.93,2.92,0.72,0.72,0.17,0.19,0.24,0.24,155,0.04,0.24,4.71,2.29,392.812,cm,4.69
INHS_FISH_97827,3.25,3.25,0.77,0.77,0.21,0.21,0.24,0.24,166,0.04,0.28,5.12,3.31,394.107,cm,4.9
INHS_FISH_42999,4.33,4.35,0.97,0.98,0.3,0.3,0.29,0.29,206,0.06,0.43,5.29,5.49,394.175,cm,5.26
INHS_FISH_40755,3.86,4.0,0.94,0.95,0.28,0.28,0.33,0.32,218,0.07,0.42,16.75,15.34,393.691,cm,16.33
INHS_FISH_62646,3.27,3.29,0.8,0.81,0.26,0.26,0.25,0.25,170,0.05,0.29,8.54,6.35,392.629,cm,7.48
INHS_FISH_98278,2.54,2.57,0.55,0.55,0.13,0.13,0.19,0.18,125,0.02,0.15,8.99,8.85,392.978,cm,9.05
INHS_FISH_54319,5.04,5.03,1.0,1.0,0.24,0.26,0.32,0.31,237,0.08,0.54,1.37,0.38,392.429,cm,1.24
INHS_FISH_92100,3.84,3.84,0.99,0.99,0.24,0.26,0.32,0.32,208,0.07,0.44,0.67,-0.19,393.124,cm,-0.02
INHS_FISH_102957,4.75,4.79,1.04,1.05,0.28,0.28,0.34,0.34,223,0.08,0.52,7.7,8.08,391.925,cm,7.56
INHS_FISH_77504,7.26,7.27,1.73,1.73,0.51,0.53,0.52,0.52,341,0.18,1.28,177.41,-3.05,382.606,cm,-2.84
INHS_FISH_5716,5.01,5.07,1.19,1.18,0.26,0.27,0.35,0.35,267,0.09,0.69,11.07,9.26,393.128,cm,10.77
INHS_FISH_100201,4.66,4.66,1.16,1.16,0.29,0.3,0.3,0.29,224,0.07,0.59,2.4,1.46,394.287,cm,2.89
INHS_FISH_74312,5.29,5.29,1.13,1.14,0.28,0.29,0.37,0.37,248,0.1,0.59,1.58,-0.05,395.177,cm,0.38
INHS_FISH_85573,4.12,4.13,1.03,1.03,0.29,0.3,0.31,0.3,265,0.07,0.54,174.74,-4.18,392.286,cm,-7.76
INHS_FISH_45001,5.52,5.52,1.32,1.32,0.39,0.43,0.37,0.37,309,0.1,0.87,179.61,-0.94,397.056,cm,-0.39
INHS_FISH_63016,4.99,4.99,1.07,1.07,0.26,0.28,0.31,0.31,231,0.06,0.54,2.66,1.08,392.789,cm,2.2
INHS_FISH_86967,4.6,4.6,1.12,1.12,0.29,0.29,0.34,0.34,230,0.09,0.56,1.3,0.63,394.51,cm,0.27
INHS_FISH_83228,3.86,3.88,0.89,0.9,0.23,0.24,0.29,0.29,185,0.06,0.36,7.63,6.15,394.781,cm,7.16
INHS_FISH_27168,4.36,4.36,1.05,1.06,0.27,0.27,0.33,0.33,209,0.07,0.49,1.44,1.75,375.68,cm,1.38
INHS_FISH_63158,4.69,4.93,0.99,1.02,0.22,0.24,0.32,0.31,250,0.08,0.55,18.26,17.83,393.716,cm,17.8
INHS_FISH_109206,4.09,4.09,0.94,0.94,0.24,0.26,0.29,0.29,197,0.05,0.4,0.74,0.44,379.732,cm,0.57
INHS_FISH_109198,6.26,6.27,1.75,1.75,0.36,0.36,0.41,0.41,290,0.13,0.97,176.38,-3.71,378.904,cm,-4.08
INHS_FISH_78486,3.29,3.29,0.72,0.72,0.17,0.17,0.25,0.25,159,0.05,0.26,1.92,2.08,393.987,cm,1.57
INHS_FISH_4171,3.38,3.38,0.76,0.76,0.21,0.21,0.23,0.23,172,0.04,0.27,3.43,3.33,397.605,cm,3.31
INHS_FISH_79287,7.13,7.13,1.75,1.75,0.49,0.5,0.54,0.54,315,0.19,1.23,178.42,-2.65,366.989,cm,-2.4
INHS_FISH_78762,5.36,5.36,1.37,1.37,0.35,0.37,0.39,0.39,295,0.11,0.88,177.05,-3.12,391.11,cm,-3.26
INHS_FISH_48421,4.95,4.95,1.23,1.24,0.36,0.37,0.34,0.34,260,0.08,0.68,1.14,1.24,393.64,cm,0.03
INHS_FISH_47856,5.03,5.03,1.17,1.18,0.31,0.32,0.38,0.38,220,0.1,0.58,0.88,1.29,363.122,cm,0.16
INHS_FISH_88290,5.51,5.53,1.23,1.24,0.35,0.36,0.38,0.38,249,0.1,0.71,4.58,4.26,374.924,cm,4.53
INHS_FISH_6219,3.54,3.54,0.8,0.8,0.19,0.21,0.27,0.27,180,0.05,0.32,3.11,1.27,394.967,cm,2.59
INHS_FISH_108901,4.17,4.2,1.01,1.02,0.29,0.3,0.31,0.31,223,0.06,0.47,7.32,6.18,394.334,cm,6.47
INHS_FISH_57898,5.26,5.26,1.18,1.18,0.33,0.34,0.3,0.29,231,0.07,0.62,0.43,-0.17,394.377,cm,-0.09
INHS_FISH_62701,6.29,6.29,1.51,1.5,0.4,0.43,0.38,0.38,330,0.12,1.09,178.46,-2.98,391.662,cm,-1.99
INHS_FISH_109174,4.62,4.64,1.02,1.03,0.22,0.22,0.32,0.32,191,0.08,0.48,5.89,5.3,377.93,cm,4.57
INHS_FISH_107723,2.43,2.43,0.6,0.6,0.15,0.15,0.18,0.17,125,0.02,0.17,174.56,-4.62,392.588,cm,-5.18
INHS_FISH_91757,2.75,2.74,0.67,0.67,0.15,0.16,0.24,0.24,143,0.04,0.22,1.07,0.32,394.892,cm,0.05
INHS_FISH_38815,4.91,4.9,1.22,1.21,0.37,0.38,0.31,0.31,233,0.07,0.61,0.68,0.15,394.529,cm,-0.36
INHS_FISH_62969,5.81,5.83,1.5,1.49,0.42,0.44,0.43,0.43,307,0.12,0.95,6.28,4.51,392.735,cm,6.33
INHS_FISH_68227,4.35,4.35,1.05,1.05,0.32,0.33,0.28,0.28,221,0.06,0.49,0.5,-1.4,394.161,cm,0.0
INHS_FISH_103091,4.89,4.89,1.26,1.26,0.34,0.34,0.38,0.38,256,0.1,0.68,179.54,-0.54,393.963,cm,-0.62
INHS_FISH_109193,3.24,3.25,0.68,0.68,0.12,0.12,0.26,0.26,40,0.06,0.19,5.91,4.38,378.865,cm,5.07
INHS_FISH_5553,4.45,4.45,1.05,1.06,0.24,0.24,0.3,0.3,235,0.07,0.55,0.32,1.01,395.101,cm,0.67
INHS_FISH_36043,6.41,6.42,1.52,1.52,0.45,0.48,0.4,0.4,310,0.12,1.05,177.46,-3.05,392.198,cm,-2.28
INHS_FISH_57828,4.62,4.62,1.06,1.07,0.24,0.3,0.32,0.32,130,0.08,0.53,3.86,1.46,392.146,cm,2.47
INHS_FISH_47084,3.55,3.56,0.81,0.81,0.21,0.26,0.21,0.21,101,0.03,0.3,177.79,-3.4,393.04,cm,-3.36
INHS_FISH_106211,4.59,4.59,0.99,0.99,0.19,0.2,0.28,0.28,219,0.06,0.51,178.78,-1.59,392.953,cm,-1.36
INHS_FISH_41657,6.45,6.45,1.52,1.52,0.43,0.44,0.44,0.44,302,0.13,1.03,1.24,0.14,392.009,cm,1.13
INHS_FISH_109178,5.03,5.03,1.19,1.19,0.32,0.34,0.35,0.34,238,0.09,0.67,179.34,-1.83,379.248,cm,-1.79
INHS_FISH_79155,3.25,3.31,0.71,0.71,0.17,0.17,0.25,0.25,159,0.04,0.25,12.84,11.19,395.0,cm,12.46
INHS_FISH_54318,5.34,5.34,1.3,1.31,0.38,0.38,0.35,0.35,268,0.09,0.72,1.76,1.33,394.345,cm,1.67
INHS_FISH_93363,4.96,4.96,1.07,1.07,0.26,0.28,0.33,0.33,237,0.08,0.53,0.53,-1.0,394.099,cm,0.23
INHS_FISH_4197,3.55,3.55,0.88,0.87,0.23,0.25,0.28,0.27,187,0.05,0.34,178.51,-1.93,393.56,cm,-0.89
INHS_FISH_109205,5.16,5.15,1.22,1.21,0.34,0.34,0.42,0.42,251,0.12,0.67,0.6,-0.23,379.871,cm,-0.28
INHS_FISH_78759,3.12,3.16,0.72,0.72,0.19,0.2,0.21,0.21,159,0.03,0.25,11.12,9.99,391.9,cm,11.56
INHS_FISH_65390,4.62,4.62,1.11,1.1,0.28,0.29,0.36,0.35,238,0.09,0.56,178.23,-0.75,396.546,cm,-1.96
INHS_FISH_94567,5.17,5.17,1.23,1.22,0.33,0.35,0.38,0.38,257,0.1,0.66,179.64,0.11,393.6,cm,-0.04
INHS_FISH_58602,4.57,4.58,1.08,1.08,0.29,0.3,0.3,0.3,237,0.07,0.56,4.02,3.46,394.248,cm,4.16
INHS_FISH_79784,3.71,3.71,0.9,0.89,0.25,0.26,0.3,0.3,185,0.06,0.36,179.54,-0.67,394.221,cm,-0.62
INHS_FISH_77512,4.56,4.56,1.09,1.09,0.3,0.3,0.35,0.35,224,0.08,0.51,0.25,0.61,394.096,cm,0.73
INHS_FISH_88952,10.39,10.38,2.55,2.58,0.73,0.73,0.66,0.67,416,0.31,2.55,0.1,0.39,364.539,cm,-0.42
INHS_FISH_58076,4.19,4.19,0.97,0.97,0.24,0.26,0.3,0.3,194,0.06,0.42,0.78,0.21,393.211,cm,0.46
INHS_FISH_87393,4.96,4.97,1.18,1.19,0.36,0.36,0.32,0.32,241,0.07,0.62,5.11,4.44,394.929,cm,4.12
INHS_FISH_76172,4.4,4.47,1.04,1.05,0.3,0.3,0.32,0.32,236,0.08,0.49,11.73,10.24,396.167,cm,10.51
INHS_FISH_59049,4.73,4.74,1.0,1.0,0.27,0.28,0.32,0.32,211,0.07,0.46,5.65,4.78,397.682,cm,5.06
INHS_FISH_38522,11.12,11.12,2.48,2.48,0.72,0.75,0.7,0.7,437,0.36,2.59,0.29,-0.9,356.56,cm,-0.08
INHS_FISH_68743,7.03,7.02,1.52,1.52,0.4,0.41,0.41,0.41,276,0.11,0.97,0.56,-0.12,394.816,cm,0.26
INHS_FISH_46468,3.1,3.1,0.74,0.74,0.18,0.18,0.25,0.25,164,0.04,0.27,178.81,-0.8,393.073,cm,-1.3
INHS_FISH_47082,3.34,3.35,0.84,0.84,0.22,0.23,0.25,0.25,185,0.05,0.36,176.02,-3.72,391.759,cm,-5.14
INHS_FISH_42931,4.22,4.23,1.04,1.03,0.29,0.31,0.3,0.3,202,0.06,0.46,5.52,3.59,396.819,cm,4.92
INHS_FISH_63094,5.44,5.44,1.2,1.22,0.34,0.34,0.33,0.33,246,0.08,0.65,2.67,2.44,396.143,cm,2.31
INHS_FISH_87545,2.9,2.9,0.67,0.67,0.14,0.16,0.2,0.2,140,0.03,0.21,179.14,-1.41,393.284,cm,-1.12
INHS_FISH_38220,5.89,5.89,1.35,1.35,0.39,0.39,0.41,0.4,280,0.11,0.8,179.3,-0.44,396.71,cm,-1.12
INHS_FISH_5672,3.67,3.68,0.78,0.78,0.16,0.18,0.24,0.24,186,0.04,0.32,5.06,3.74,396.007,cm,4.66
INHS_FISH_57784,4.67,4.67,1.19,1.19,0.3,0.3,0.37,0.37,226,0.1,0.53,6.1,3.57,392.169,cm,4.31
INHS_FISH_75405,5.16,5.2,1.14,1.16,0.33,0.33,0.35,0.35,242,0.08,0.63,8.05,7.66,374.845,cm,7.6
INHS_FISH_61084,2.52,2.53,0.6,0.6,0.12,0.12,0.18,0.18,129,0.02,0.18,6.54,5.2,392.769,cm,6.18
INHS_FISH_59529,2.69,2.71,0.69,0.69,0.18,0.18,0.22,0.22,152,0.04,0.23,10.11,7.87,395.727,cm,9.82
INHS_FISH_56846,2.74,2.74,0.65,0.64,0.14,0.16,0.21,0.21,145,0.03,0.21,178.26,-2.45,393.272,cm,-2.17
INHS_FISH_55734,4.89,4.88,1.22,1.22,0.36,0.36,0.38,0.38,239,0.1,0.6,0.93,-0.15,391.373,cm,0.27
INHS_FISH_79944,3.9,3.92,0.94,0.95,0.28,0.28,0.32,0.32,201,0.07,0.4,8.24,6.77,393.595,cm,8.24
INHS_FISH_58070,4.87,4.87,0.97,0.97,0.24,0.26,0.32,0.32,206,0.07,0.44,179.47,-1.61,394.95,cm,-1.62
INHS_FISH_74284,3.78,3.78,0.93,0.93,0.24,0.24,0.33,0.33,213,0.07,0.43,177.76,-2.08,393.861,cm,-2.98
INHS_FISH_73811,6.25,6.4,1.4,1.45,0.41,0.42,0.44,0.44,298,0.15,0.9,13.7,12.7,390.587,cm,12.53
INHS_FISH_83101,4.71,4.72,1.06,1.08,0.28,0.33,0.29,0.29,238,0.05,0.53,175.65,-4.66,375.256,cm,-5.17
INHS_FISH_62681,5.12,5.12,1.2,1.2,0.34,0.34,0.4,0.39,252,0.11,0.62,4.72,3.35,393.953,cm,3.99
INHS_FISH_86961,4.51,4.51,1.24,1.23,0.37,0.4,0.31,0.31,229,0.07,0.6,176.67,-3.35,394.033,cm,-3.23
INHS_FISH_98624,3.63,3.63,0.96,0.96,0.26,0.27,0.32,0.32,207,0.07,0.43,2.17,2.76,395.259,cm,1.9
INHS_FISH_59366,6.11,6.11,1.39,1.4,0.36,0.36,0.43,0.42,297,0.12,0.91,4.58,3.28,394.55,cm,4.46
INHS_FISH_37891,5.99,6.08,1.33,1.34,0.41,0.41,0.38,0.37,287,0.1,0.82,10.78,10.13,392.024,cm,10.62
INHS_FISH_62712,4.33,4.32,0.99,0.98,0.24,0.25,0.33,0.33,205,0.08,0.44,2.22,1.01,393.662,cm,2.1
INHS_FISH_40063,4.26,4.26,0.96,0.96,0.22,0.24,0.36,0.35,217,0.09,0.47,179.99,0.07,392.922,cm,-0.59
INHS_FISH_108579,3.95,3.96,1.01,1.01,0.28,0.28,0.33,0.33,218,0.08,0.47,5.15,4.1,394.979,cm,4.27
INHS_FISH_46162,6.98,6.98,1.52,1.52,0.41,0.45,0.44,0.43,292,0.13,1.11,0.65,-0.63,338.877,cm,-0.39
INHS_FISH_97870,3.3,3.31,0.81,0.8,0.22,0.22,0.26,0.26,177,0.05,0.31,3.37,3.56,394.867,cm,3.92
INHS_FISH_50050,5.32,5.31,1.2,1.2,0.34,0.35,0.34,0.34,247,0.08,0.64,1.61,0.63,394.594,cm,1.01
INHS_FISH_68587,5.58,5.58,1.38,1.38,0.42,0.44,0.34,0.34,284,0.08,0.83,178.97,-1.84,395.62,cm,-2.51
INHS_FISH_43026,3.98,3.98,0.98,0.97,0.31,0.31,0.3,0.3,219,0.07,0.45,2.14,0.4,396.283,cm,2.05
INHS_FISH_38536,4.39,4.44,1.17,1.2,0.44,0.49,0.31,0.31,270,0.07,0.6,9.98,8.49,396.683,cm,9.95
INHS_FISH_41816,4.64,4.64,1.11,1.11,0.33,0.34,0.36,0.35,232,0.09,0.54,2.85,2.14,392.316,cm,2.09
INHS_FISH_33330,6.06,6.06,1.34,1.35,0.35,0.35,0.38,0.37,268,0.1,0.8,1.05,2.0,396.695,cm,0.85
INHS_FISH_73688,3.7,3.7,0.9,0.91,0.22,0.22,0.3,0.29,189,0.06,0.38,2.45,3.62,393.372,cm,3.18
INHS_FISH_41757,3.38,3.38,0.88,0.88,0.24,0.24,0.28,0.28,172,0.05,0.32,3.38,2.27,395.824,cm,1.97
INHS_FISH_64217,4.17,4.16,0.98,0.98,0.23,0.25,0.31,0.31,221,0.06,0.5,179.77,0.14,391.983,cm,-0.88
INHS_FISH_48641,5.32,5.32,1.14,1.14,0.26,0.28,0.38,0.38,244,0.1,0.61,2.12,0.38,392.061,cm,0.62
INHS_FISH_57777,2.62,2.66,0.64,0.64,0.15,0.15,0.19,0.19,131,0.03,0.19,13.65,10.59,392.5,cm,12.43
INHS_FISH_89013,3.45,3.45,0.8,0.8,0.21,0.23,0.27,0.27,172,0.05,0.3,3.21,0.42,392.685,cm,0.69
INHS_FISH_57916,3.84,3.84,0.84,0.84,0.21,0.22,0.24,0.23,181,0.04,0.33,4.24,2.12,393.46,cm,4.54
INHS_FISH_87192,6.49,6.49,1.4,1.42,0.38,0.39,0.37,0.36,282,0.1,0.87,0.58,1.88,395.148,cm,0.76
INHS_FISH_77965,3.99,4.03,0.93,0.93,0.23,0.25,0.29,0.29,189,0.07,0.38,173.06,-7.52,375.552,cm,-8.14
INHS_FISH_109190,5.96,5.97,1.37,1.37,0.38,0.4,0.35,0.35,266,0.09,0.83,3.25,2.85,377.636,cm,3.25
INHS_FISH_92501,5.13,5.13,1.14,1.13,0.31,0.34,0.33,0.32,248,0.08,0.63,179.57,-1.13,394.18,cm,-0.57
INHS_FISH_59596,5.92,5.93,1.22,1.22,0.27,0.34,0.35,0.35,270,0.09,0.75,177.77,-3.82,392.428,cm,-2.75
INHS_FISH_98264,4.36,4.36,0.94,0.94,0.19,0.21,0.23,0.23,209,0.03,0.47,0.41,-0.4,393.144,cm,0.07
INHS_FISH_57044,3.79,3.79,1.0,1.0,0.3,0.33,0.28,0.28,212,0.06,0.48,2.96,1.68,394.571,cm,2.62
INHS_FISH_79899,5.09,5.1,1.27,1.27,0.3,0.32,0.37,0.37,278,0.1,0.78,175.01,-4.76,391.911,cm,-5.41
INHS_FISH_49736,10.15,10.16,2.18,2.17,0.64,0.7,0.62,0.62,366,0.24,2.0,177.96,-2.15,329.983,cm,-2.49
INHS_FISH_82429,3.75,3.75,0.83,0.83,0.19,0.21,0.26,0.26,179,0.05,0.33,177.89,-3.49,393.447,cm,-3.15
INHS_FISH_92249,4.15,4.27,1.02,1.05,0.28,0.3,0.36,0.36,214,0.1,0.46,13.82,13.8,392.203,cm,13.93
INHS_FISH_51451,4.64,4.65,1.22,1.22,0.38,0.39,0.35,0.34,271,0.09,0.68,4.29,3.52,392.646,cm,4.59
INHS_FISH_36532,3.74,3.75,0.9,0.9,0.22,0.28,0.24,0.24,198,0.04,0.4,178.16,-4.35,393.367,cm,-2.82
INHS_FISH_57788,4.71,4.71,1.21,1.21,0.33,0.35,0.36,0.35,249,0.09,0.61,1.79,0.74,393.652,cm,1.85
INHS_FISH_56360,3.7,3.7,1.03,1.03,0.28,0.29,0.33,0.33,226,0.08,0.47,178.43,-2.27,395.198,cm,-2.33
INHS_FISH_82417,5.05,5.1,1.09,1.09,0.32,0.32,0.34,0.33,228,0.08,0.57,9.63,8.08,374.905,cm,8.77
INHS_FISH_57928,4.58,4.59,0.99,1.0,0.26,0.26,0.27,0.27,189,0.06,0.41,3.76,4.76,394.289,cm,4.0
INHS_FISH_57905,5.24,5.27,1.24,1.24,0.38,0.38,0.31,0.31,243,0.07,0.64,6.68,6.02,394.284,cm,6.63
INHS_FISH_7695,2.74,2.74,0.72,0.72,0.2,0.22,0.26,0.26,168,0.04,0.25,177.96,-3.49,395.357,cm,-3.24
INHS_FISH_57888,5.74,5.74,1.15,1.15,0.33,0.35,0.28,0.28,240,0.06,0.6,1.28,2.14,392.021,cm,1.38
INHS_FISH_65370,4.36,4.48,0.99,0.99,0.3,0.3,0.28,0.28,242,0.05,0.51,14.76,13.54,394.005,cm,14.35
INHS_FISH_84159,8.62,8.64,2.09,2.12,0.51,0.6,0.56,0.56,360,0.23,1.87,178.96,-4.08,344.793,cm,-0.89
INHS_FISH_97405,3.06,3.06,0.72,0.72,0.17,0.17,0.25,0.25,150,0.04,0.25,2.15,2.57,392.952,cm,4.22
INHS_FISH_82436,4.94,4.95,1.14,1.14,0.34,0.34,0.34,0.34,239,0.08,0.59,4.34,4.32,375.312,cm,3.94
INHS_FISH_60540,4.59,4.66,1.2,1.2,0.35,0.36,0.35,0.34,247,0.07,0.62,11.4,10.14,392.683,cm,10.92
INHS_FISH_41403,6.29,6.29,1.45,1.45,0.41,0.41,0.46,0.46,294,0.14,0.91,2.05,1.99,393.775,cm,1.59
INHS_FISH_62871,5.53,5.54,1.22,1.23,0.3,0.31,0.37,0.37,251,0.1,0.68,178.35,-2.31,393.616,cm,-2.01
INHS_FISH_68289,4.4,4.44,1.22,1.22,0.32,0.38,0.32,0.32,258,0.07,0.67,171.93,-7.59,392.569,cm,-6.98
INHS_FISH_82517,5.79,5.79,1.16,1.18,0.3,0.31,0.36,0.36,277,0.09,0.72,0.87,1.89,397.639,cm,1.09
INHS_FISH_7705,3.08,3.08,0.84,0.84,0.21,0.22,0.24,0.23,171,0.04,0.32,0.73,-0.94,395.741,cm,-0.2
INHS_FISH_17803,4.28,4.28,0.92,0.93,0.22,0.23,0.31,0.31,202,0.07,0.4,0.79,2.21,394.883,cm,1.06
INHS_FISH_45251,4.24,4.24,0.89,0.9,0.2,0.28,0.26,0.26,115,0.05,0.37,177.81,-3.97,395.248,cm,-2.82
INHS_FISH_59517,4.49,4.54,1.03,1.04,0.28,0.28,0.32,0.31,232,0.07,0.5,9.43,8.37,392.207,cm,9.18
INHS_FISH_76221,6.3,6.3,1.55,1.55,0.39,0.43,0.42,0.42,331,0.13,1.05,179.74,-1.51,396.264,cm,-0.68
INHS_FISH_62916,5.67,5.67,1.4,1.4,0.37,0.41,0.4,0.4,306,0.11,0.94,179.42,-1.03,393.828,cm,-0.96
INHS_FISH_109201,5.09,5.09,1.14,1.16,0.27,0.27,0.37,0.37,211,0.09,0.58,179.56,0.6,376.145,cm,-0.7
INHS_FISH_64823,4.17,4.19,1.08,1.08,0.34,0.34,0.32,0.32,242,0.07,0.55,7.12,5.36,393.577,cm,6.45
INHS_FISH_17758,3.62,3.62,0.81,0.81,0.2,0.21,0.24,0.24,179,0.05,0.32,177.07,-3.44,395.249,cm,-3.83
INHS_FISH_46547,4.3,4.32,1.02,1.01,0.28,0.29,0.35,0.34,235,0.08,0.5,6.79,6.16,392.463,cm,6.62
INHS_FISH_79202,5.77,5.78,1.25,1.25,0.35,0.35,0.33,0.32,252,0.08,0.69,175.29,-4.06,395.643,cm,-5.0
INHS_FISH_41708,4.22,4.22,1.0,1.0,0.3,0.3,0.3,0.29,208,0.06,0.44,3.53,2.82,395.378,cm,2.6
INHS_FISH_36527,4.8,4.8,1.23,1.23,0.32,0.35,0.36,0.36,263,0.09,0.71,2.61,1.68,391.361,cm,1.87
INHS_FISH_79253,5.06,5.07,1.03,1.03,0.3,0.3,0.31,0.31,225,0.07,0.53,6.07,4.1,374.638,cm,5.81
INHS_FISH_64599,3.78,3.78,0.86,0.85,0.2,0.24,0.25,0.25,180,0.04,0.35,0.78,-1.53,396.105,cm,0.67
INHS_FISH_53960,4.5,4.52,1.16,1.17,0.32,0.32,0.39,0.39,256,0.11,0.63,4.81,4.99,394.614,cm,5.15
INHS_FISH_88042,4.16,4.19,1.1,1.1,0.31,0.31,0.36,0.36,223,0.09,0.51,9.23,6.63,393.201,cm,7.78
INHS_FISH_78500,6.01,6.01,1.28,1.27,0.35,0.37,0.38,0.38,276,0.1,0.74,3.75,2.33,392.748,cm,2.34
INHS_FISH_62951,5.18,5.18,1.25,1.24,0.35,0.37,0.36,0.36,264,0.09,0.68,0.2,0.64,399.048,cm,-0.36
INHS_FISH_87318,3.84,3.91,1.02,1.02,0.32,0.33,0.29,0.28,217,0.05,0.49,13.01,11.08,394.152,cm,12.97
INHS_FISH_30800,8.44,8.44,1.9,1.9,0.58,0.59,0.53,0.53,339,0.19,1.46,2.97,2.23,359.799,cm,2.41
INHS_FISH_39054,4.21,4.21,1.03,1.03,0.28,0.29,0.33,0.32,211,0.08,0.48,179.33,-1.45,394.32,cm,-0.41
INHS_FISH_106924,4.03,4.03,0.96,0.96,0.22,0.23,0.33,0.32,205,0.07,0.43,178.88,-2.25,392.917,cm,-0.97
INHS_FISH_64341,4.58,4.58,1.03,1.03,0.28,0.32,0.29,0.29,129,0.06,0.45,4.68,3.75,393.507,cm,3.88
INHS_FISH_42960,3.03,3.05,0.75,0.75,0.22,0.22,0.25,0.25,157,0.04,0.24,8.98,7.24,392.45,cm,7.41
INHS_FISH_11806,3.82,3.82,0.88,0.87,0.25,0.25,0.28,0.28,190,0.06,0.36,0.88,1.49,393.861,cm,1.28
INHS_FISH_62293,3.85,3.86,0.97,0.97,0.19,0.2,0.31,0.3,188,0.07,0.4,175.19,-3.78,392.885,cm,-4.28
INHS_FISH_50068,5.55,5.56,1.37,1.37,0.39,0.4,0.44,0.44,281,0.15,0.79,3.86,2.73,392.461,cm,3.35
INHS_FISH_3504,4.21,4.23,0.94,0.96,0.24,0.24,0.3,0.3,211,0.07,0.46,5.24,5.35,395.626,cm,5.7
INHS_FISH_109176,5.2,5.21,1.17,1.17,0.31,0.34,0.35,0.35,227,0.09,0.6,177.63,-2.97,378.174,cm,-2.89
INHS_FISH_78733,3.22,3.22,0.78,0.78,0.21,0.22,0.25,0.25,167,0.05,0.28,3.55,1.9,393.532,cm,3.06
INHS_FISH_87433,4.3,4.32,1.05,1.05,0.34,0.34,0.27,0.27,214,0.05,0.48,6.8,5.66,393.924,cm,5.86
INHS_FISH_90142,4.71,4.73,1.09,1.09,0.31,0.31,0.33,0.33,232,0.08,0.57,5.87,5.45,391.837,cm,5.35
INHS_FISH_98618,4.12,4.12,1.08,1.08,0.27,0.29,0.3,0.3,209,0.06,0.5,179.26,-1.7,393.481,cm,-1.1
INHS_FISH_11869,4.08,4.12,0.94,0.95,0.28,0.28,0.33,0.32,215,0.08,0.43,9.11,7.87,393.85,cm,9.29
INHS_FISH_55761,5.67,5.79,1.22,1.24,0.36,0.36,0.37,0.36,257,0.1,0.67,12.14,11.87,390.464,cm,11.84
INHS_FISH_61757,4.61,4.6,1.03,1.04,0.31,0.31,0.3,0.3,227,0.06,0.52,179.85,-0.19,395.362,cm,-0.07
INHS_FISH_57605,5.17,5.17,1.02,1.01,0.23,0.26,0.31,0.3,230,0.07,0.55,179.03,-0.67,394.746,cm,-0.94
INHS_FISH_39053,4.73,4.74,1.06,1.06,0.31,0.31,0.31,0.31,218,0.07,0.51,3.02,2.46,392.854,cm,2.39
INHS_FISH_45637,4.43,4.43,1.1,1.1,0.29,0.3,0.32,0.32,210,0.07,0.48,178.01,-2.22,396.659,cm,-2.66
INHS_FISH_27043,2.87,2.9,0.71,0.72,0.17,0.17,0.22,0.21,149,0.03,0.23,9.04,7.97,393.262,cm,8.63
INHS_FISH_91775,2.53,2.53,0.63,0.62,0.15,0.15,0.21,0.2,132,0.03,0.19,179.71,-0.46,395.897,cm,-1.43
INHS_FISH_64474,3.62,3.64,0.87,0.88,0.24,0.24,0.26,0.26,172,0.05,0.32,8.99,7.2,394.367,cm,7.32
INHS_FISH_76296,5.36,5.36,1.31,1.3,0.34,0.35,0.41,0.41,267,0.12,0.75,1.97,1.63,392.866,cm,1.41
INHS_FISH_74801,5.26,5.26,1.22,1.22,0.37,0.37,0.36,0.36,249,0.09,0.62,3.82,2.67,392.028,cm,3.37
INHS_FISH_11891,4.11,4.11,0.91,0.91,0.23,0.25,0.31,0.31,206,0.07,0.42,3.83,2.12,393.958,cm,3.2
INHS_FISH_4498,2.78,2.79,0.73,0.73,0.18,0.18,0.26,0.26,158,0.04,0.24,8.91,6.33,395.871,cm,8.26
INHS_FISH_86981,4.28,4.28,1.02,1.03,0.27,0.27,0.32,0.31,217,0.07,0.48,2.79,3.07,392.936,cm,3.41
INHS_FISH_97387,4.66,4.66,1.14,1.14,0.3,0.31,0.38,0.38,257,0.1,0.62,1.09,1.06,395.619,cm,1.85
INHS_FISH_33382,6.78,6.79,1.72,1.73,0.5,0.5,0.51,0.51,298,0.2,1.14,2.84,3.19,360.569,cm,2.66
INHS_FISH_35010,5.71,5.73,1.29,1.29,0.39,0.41,0.33,0.33,269,0.08,0.74,6.77,5.32,391.462,cm,5.62
INHS_FISH_26980,2.69,2.7,0.62,0.63,0.14,0.14,0.19,0.19,137,0.03,0.19,6.69,6.41,395.06,cm,5.98
INHS_FISH_107309,2.85,2.85,0.75,0.77,0.2,0.21,0.22,0.21,155,0.03,0.26,0.47,1.79,392.973,cm,0.37
INHS_FISH_39448,3.58,3.58,0.84,0.83,0.19,0.21,0.29,0.29,173,0.06,0.31,178.34,-2.28,392.578,cm,-2.08
INHS_FISH_33196,2.71,2.75,0.74,0.74,0.23,0.25,0.22,0.21,164,0.03,0.23,8.96,8.95,393.379,cm,8.2
INHS_FISH_108252,3.04,3.04,0.74,0.74,0.2,0.2,0.25,0.25,165,0.04,0.26,3.88,3.44,394.532,cm,3.41
INHS_FISH_97610,3.75,3.75,0.78,0.78,0.17,0.19,0.21,0.21,175,0.04,0.31,1.94,0.81,394.359,cm,1.73
INHS_FISH_50104,3.65,3.74,1.0,1.0,0.3,0.3,0.29,0.29,213,0.06,0.44,14.85,12.48,396.228,cm,14.49
INHS_FISH_69105,3.33,3.33,0.86,0.86,0.21,0.22,0.28,0.28,171,0.06,0.31,3.98,0.26,392.86,cm,1.95
INHS_FISH_83392,3.53,3.53,0.86,0.87,0.22,0.22,0.27,0.27,164,0.05,0.29,1.46,0.66,392.604,cm,0.2
INHS_FISH_99151,5.12,5.12,1.31,1.31,0.35,0.35,0.34,0.34,284,0.09,0.81,0.07,0.23,393.805,cm,0.09
INHS_FISH_63771,5.53,5.53,1.25,1.26,0.31,0.32,0.39,0.39,263,0.1,0.68,0.04,-1.21,393.677,cm,-0.9
INHS_FISH_33014,4.82,4.82,1.21,1.21,0.31,0.34,0.35,0.35,251,0.09,0.63,178.83,-1.51,393.781,cm,-0.86
INHS_FISH_81124,3.87,3.87,0.92,0.92,0.21,0.22,0.3,0.3,188,0.06,0.37,0.86,-0.26,395.423,cm,0.62
INHS_FISH_45480,5.48,5.5,1.34,1.35,0.35,0.35,0.38,0.38,264,0.11,0.71,7.77,5.29,391.94,cm,5.69
INHS_FISH_97396,3.23,3.22,0.82,0.82,0.24,0.24,0.25,0.25,180,0.04,0.33,179.58,-1.62,395.887,cm,-0.91
INHS_FISH_41709,4.35,4.35,1.02,1.02,0.27,0.29,0.3,0.3,218,0.06,0.48,1.24,0.53,395.149,cm,0.92
INHS_FISH_87425,7.32,7.32,1.69,1.69,0.46,0.47,0.52,0.52,321,0.17,1.24,179.97,-0.51,366.552,cm,-0.41
INHS_FISH_22941,3.83,3.83,0.93,0.93,0.24,0.25,0.24,0.24,202,0.04,0.4,178.91,0.15,394.101,cm,-1.21
INHS_FISH_53966,4.48,4.48,1.04,1.04,0.3,0.31,0.3,0.3,212,0.06,0.46,3.48,3.15,394.515,cm,3.29
INHS_FISH_87361,4.99,4.99,1.08,1.08,0.25,0.29,0.32,0.32,228,0.07,0.56,177.35,-2.55,396.399,cm,-2.52
INHS_FISH_89026,4.62,4.64,1.13,1.13,0.32,0.32,0.35,0.35,235,0.08,0.56,175.17,-4.61,391.97,cm,-5.24
INHS_FISH_97727,3.15,3.15,0.72,0.72,0.17,0.18,0.24,0.24,159,0.04,0.26,3.55,2.81,395.872,cm,3.81
INHS_FISH_54290,4.06,4.06,1.05,1.05,0.27,0.28,0.35,0.35,216,0.08,0.5,2.93,3.13,396.925,cm,3.6
INHS_FISH_38725,5.67,5.67,1.27,1.26,0.32,0.34,0.34,0.34,179,0.07,0.72,179.37,1.1,377.695,cm,-0.33
INHS_FISH_109191,6.33,6.33,1.36,1.36,0.4,0.41,0.38,0.37,286,0.11,0.9,2.4,1.9,381.082,cm,1.79
INHS_FISH_99336,4.87,4.87,1.16,1.15,0.24,0.27,0.33,0.33,246,0.08,0.63,0.69,-1.31,393.68,cm,0.14
INHS_FISH_62644,3.91,3.91,0.89,0.89,0.22,0.23,0.24,0.24,188,0.04,0.37,179.53,-1.16,392.723,cm,-0.88
INHS_FISH_86923,6.4,6.4,1.49,1.49,0.44,0.48,0.39,0.39,294,0.1,0.97,177.9,-2.18,393.793,cm,-1.99
INHS_FISH_83027,5.74,5.74,1.36,1.36,0.37,0.38,0.39,0.38,269,0.09,0.79,1.79,1.62,394.022,cm,1.53
INHS_FISH_83350,4.28,4.28,1.03,1.04,0.28,0.28,0.33,0.33,219,0.08,0.49,1.98,2.04,393.489,cm,2.55
INHS_FISH_62645,4.61,4.61,1.06,1.06,0.29,0.3,0.32,0.32,227,0.08,0.49,2.11,1.07,393.291,cm,1.72
INHS_FISH_75526,4.61,4.6,1.21,1.21,0.35,0.37,0.34,0.34,233,0.08,0.61,0.15,0.19,393.584,cm,0.21
INHS_FISH_98910,4.99,5.0,1.29,1.28,0.36,0.36,0.35,0.35,288,0.09,0.78,5.5,4.08,396.072,cm,5.39
INHS_FISH_79145,4.27,4.27,0.97,0.97,0.24,0.24,0.3,0.3,200,0.06,0.43,3.13,2.93,394.288,cm,3.82
INHS_FISH_39078,3.86,3.86,0.86,0.86,0.2,0.21,0.3,0.29,184,0.06,0.36,4.23,2.68,393.169,cm,3.36
INHS_FISH_78184,4.39,4.39,1.02,1.02,0.27,0.28,0.33,0.33,222,0.08,0.49,178.81,-2.12,394.284,cm,-0.69
INHS_FISH_59447,4.39,4.56,1.12,1.14,0.33,0.33,0.34,0.34,250,0.09,0.59,17.35,15.47,396.422,cm,16.02
INHS_FISH_79398,5.83,5.88,1.41,1.41,0.46,0.46,0.41,0.4,266,0.12,0.82,8.48,7.85,369.971,cm,7.78
INHS_FISH_108622,2.43,2.43,0.61,0.62,0.13,0.14,0.21,0.21,125,0.03,0.17,178.71,-3.2,390.816,cm,-1.73
INHS_FISH_59003,5.98,5.98,1.37,1.37,0.37,0.37,0.44,0.44,283,0.12,0.83,177.88,-2.06,394.813,cm,-2.45
INHS_FISH_65537,4.7,4.7,1.03,1.03,0.27,0.28,0.3,0.29,220,0.06,0.52,179.13,-0.19,392.923,cm,-0.9
INHS_FISH_105978,4.75,4.75,1.27,1.28,0.35,0.35,0.34,0.34,264,0.09,0.73,0.48,0.4,393.186,cm,0.37
INHS_FISH_89615,3.72,3.72,0.99,0.99,0.19,0.19,0.3,0.3,190,0.06,0.39,178.17,-0.31,395.42,cm,-1.06
INHS_FISH_58593,2.9,2.9,0.73,0.72,0.14,0.16,0.22,0.22,153,0.03,0.25,177.49,-2.75,395.305,cm,-3.06
INHS_FISH_94625,4.95,4.96,1.18,1.18,0.31,0.32,0.4,0.39,244,0.11,0.63,5.16,4.69,394.294,cm,4.62
INHS_FISH_7343,3.7,3.72,0.86,0.87,0.21,0.21,0.28,0.28,191,0.05,0.36,7.56,6.76,394.767,cm,7.31
INHS_FISH_76200,4.16,4.17,0.89,0.89,0.2,0.2,0.3,0.29,198,0.06,0.4,5.86,4.8,393.02,cm,6.07
INHS_FISH_5622,3.79,3.81,0.91,0.91,0.24,0.24,0.28,0.28,203,0.06,0.4,6.2,5.79,393.236,cm,5.93
INHS_FISH_62659,3.15,3.15,0.84,0.84,0.23,0.25,0.22,0.22,170,0.03,0.31,1.89,1.3,392.817,cm,2.12
INHS_FISH_99604,3.17,3.17,0.81,0.81,0.24,0.25,0.26,0.25,183,0.05,0.32,179.64,-2.01,396.262,cm,-0.43
INHS_FISH_39556,6.91,6.92,1.45,1.46,0.39,0.39,0.42,0.41,270,0.11,0.94,3.06,2.3,367.532,cm,2.45
INHS_FISH_50071,3.2,3.2,0.74,0.73,0.19,0.22,0.24,0.24,164,0.04,0.27,0.39,-1.33,391.76,cm,-1.1
INHS_FISH_63931,2.6,2.6,0.71,0.71,0.17,0.17,0.23,0.23,146,0.04,0.22,6.19,5.16,392.944,cm,5.19
INHS_FISH_51678,5.06,5.1,1.13,1.14,0.31,0.32,0.32,0.32,229,0.07,0.56,8.97,7.57,391.682,cm,8.51
INHS_FISH_75065,4.16,4.18,0.9,0.91,0.3,0.3,0.32,0.32,208,0.07,0.39,5.39,6.63,395.165,cm,5.59
INHS_FISH_92166,4.2,4.2,1.01,1.01,0.24,0.24,0.28,0.27,213,0.06,0.5,0.4,0.07,393.508,cm,0.01
INHS_FISH_104263,4.04,4.04,1.09,1.09,0.3,0.31,0.31,0.31,215,0.06,0.47,179.6,-1.29,394.607,cm,-0.15
INHS_FISH_67962,3.54,3.54,0.73,0.77,0.19,0.19,0.23,0.23,177,0.05,0.26,1.54,1.48,394.768,cm,1.43
INHS_FISH_58116,4.63,4.67,1.06,1.07,0.28,0.29,0.33,0.33,229,0.08,0.52,6.47,7.54,395.11,cm,6.24
INHS_FISH_45640,6.54,6.57,1.51,1.51,0.42,0.44,0.46,0.45,277,0.14,0.97,8.05,6.32,356.539,cm,7.41
INHS_FISH_87444,4.85,4.84,1.18,1.18,0.3,0.34,0.38,0.38,246,0.09,0.63,179.16,-1.44,394.009,cm,-0.53
INHS_FISH_57772,4.23,4.23,0.94,0.94,0.22,0.23,0.31,0.31,199,0.07,0.41,3.53,1.86,393.422,cm,2.56
INHS_FISH_27141,4.9,4.9,1.14,1.14,0.34,0.34,0.3,0.3,236,0.06,0.56,177.96,-1.66,395.15,cm,-2.31
INHS_FISH_88046,4.29,4.31,1.03,1.04,0.29,0.29,0.28,0.28,204,0.06,0.46,4.8,5.27,393.97,cm,4.12
INHS_FISH_60539,3.92,3.93,0.92,0.92,0.23,0.26,0.27,0.27,212,0.05,0.46,177.66,-2.79,391.892,cm,-3.07
INHS_FISH_51799,3.63,3.65,0.87,0.87,0.23,0.23,0.31,0.31,190,0.06,0.35,4.86,5.36,393.471,cm,5.02
INHS_FISH_99198,5.5,5.5,1.26,1.26,0.31,0.33,0.33,0.33,272,0.08,0.79,179.18,-0.98,393.997,cm,-0.9
INHS_FISH_88015,5.47,5.47,1.32,1.33,0.39,0.39,0.35,0.35,258,0.09,0.74,0.65,1.64,397.235,cm,0.73
INHS_FISH_100532,4.54,4.53,1.03,1.04,0.22,0.23,0.29,0.29,218,0.06,0.51,179.78,0.64,393.474,cm,-0.16
INHS_FISH_82778,4.65,4.66,1.05,1.06,0.3,0.3,0.32,0.32,225,0.07,0.51,4.34,4.27,395.146,cm,3.55
INHS_FISH_78613,5.06,5.06,1.3,1.3,0.33,0.35,0.4,0.39,264,0.1,0.73,2.19,1.67,392.807,cm,1.01
INHS_FISH_41686,4.89,4.96,1.06,1.07,0.33,0.34,0.34,0.34,231,0.09,0.51,10.65,10.16,396.2,cm,10.5
INHS_FISH_65498,5.1,5.11,1.24,1.24,0.39,0.4,0.34,0.34,268,0.08,0.7,2.95,3.13,394.804,cm,2.88
INHS_FISH_82514,6.69,6.7,1.56,1.56,0.41,0.43,0.48,0.48,301,0.16,1.01,177.02,-3.67,394.001,cm,-3.7
INHS_FISH_64170,4.09,4.09,1.04,1.05,0.34,0.35,0.27,0.27,210,0.06,0.48,1.71,2.2,395.5,cm,1.19
INHS_FISH_47012,5.49,5.49,1.14,1.14,0.3,0.33,0.35,0.35,257,0.08,0.65,2.08,1.29,397.509,cm,1.5
INHS_FISH_76758,4.35,4.34,1.09,1.1,0.3,0.3,0.31,0.31,225,0.07,0.52,0.3,0.4,393.827,cm,0.64
INHS_FISH_87969,3.97,4.0,1.03,1.05,0.29,0.29,0.28,0.28,198,0.06,0.43,7.48,7.68,394.591,cm,6.86
INHS_FISH_79123,5.85,5.87,1.39,1.41,0.41,0.41,0.43,0.42,301,0.12,0.9,4.6,4.61,398.484,cm,4.35
INHS_FISH_40481,4.23,4.23,0.91,0.91,0.21,0.24,0.29,0.29,215,0.06,0.45,1.25,0.48,394.299,cm,0.78
INHS_FISH_48601,5.53,5.53,1.41,1.41,0.37,0.41,0.39,0.38,299,0.11,0.93,178.04,-1.8,391.058,cm,-2.33
INHS_FISH_11858,4.71,4.74,1.17,1.18,0.35,0.35,0.36,0.36,258,0.09,0.61,6.8,6.86,395.61,cm,7.13
INHS_FISH_39488,5.66,5.66,1.41,1.41,0.45,0.45,0.41,0.41,284,0.13,0.81,3.58,2.57,393.874,cm,3.14
INHS_FISH_43025,2.87,2.88,0.66,0.65,0.15,0.16,0.21,0.21,139,0.03,0.19,175.28,-5.78,392.421,cm,-5.77
INHS_FISH_88063,3.99,3.99,0.83,0.83,0.16,0.2,0.29,0.28,178,0.06,0.35,0.72,-0.84,394.083,cm,0.01
INHS_FISH_48618,4.64,4.65,1.15,1.14,0.3,0.31,0.33,0.33,220,0.07,0.53,175.11,-4.72,394.542,cm,-4.62
INHS_FISH_102135,2.51,2.51,0.6,0.6,0.11,0.11,0.19,0.18,126,0.03,0.17,178.61,-0.93,393.805,cm,-1.49
INHS_FISH_48404,4.12,4.11,1.05,1.05,0.28,0.28,0.31,0.31,222,0.07,0.5,179.0,-0.93,390.954,cm,-2.08
