"dorsal_fin_number","dorsal_fin_percentage","adipos_fin_number","adipos_fin_percentage","caudal_fin_number","caudal_fin_percentage","anal_fin_number","anal_fin_percentage","pelvic_fin_number","pelvic_fin_percentage","pectoral_fin_number","pectoral_fin_percentage","head_number","head_percentage","eye_number","eye_percentage","caudal_fin_ray_number","caudal_fin_ray_percentage","alt_fin_ray_number","alt_fin_ray_percentage","trunk_number","trunk_percentage"
1,1,0,0,1,1,1,1,1,1,1,1,1,1,1,1,0,0,0,0,2,0.983887376319809
1,1,0,0,1,1,1,1,2,0.914184648036788,1,1,1,1,1,1,0,0,0,0,1,1
1,1,2,0.74331550802139,1,1,1,1,1,1,1,1,1,1,2,0.994645588985212,0,0,0,0,1,1
1,1,0,0,1,1,3,0.996231747527084,2,0.808989427677042,1,1,1,1,1,1,0,0,0,0,1,1
1,1,0,0,1,1,1,1,1,1,1,1,1,1,1,1,0,0,0,0,1,1
1,1,1,1,1,1,1,1,1,1,2,0.995940460081191,1,1,1,1,0,0,0,0,1,1
1,1,1,1,1,1,1,1,1,1,1,1,1,1,1,1,0,0,0,0,1,1
1,1,0,0,1,1,1,1,2,0.950659006421088,1,1,1,1,1,1,0,0,0,0,1,1
1,1,0,0,1,1,1,1,1,1,1,1,1,1,1,1,0,0,0,0,1,1
1,1,0,0,1,1,1,1,1,1,2,0.796506215431795,1,1,1,1,0,0,0,0,2,0.989057246604205
1,1,0,0,1,1,1,1,1,1,1,1,1,1,1,1,0,0,0,0,1,1
1,1,0,0,1,1,1,1,1,1,1,1,1,1,1,1,0,0,0,0,1,1
1,1,0,0,1,1,1,1,2,0.52704186986512,1,1,1,1,1,1,0,0,0,0,1,1
1,1,1,1,1,1,1,1,3,0.723012876367509,1,1,1,1,1,1,0,0,0,0,2,0.987587299468732
1,1,0,0,2,0.999494438827098,1,1,1,1,1,1,1,1,1,1,0,0,0,0,2,0.99813160117192
1,1,2,0.982051282051282,1,1,1,1,1,1,1,1,1,1,1,1,0,0,0,0,1,1
1,1,0,0,1,1,1,1,2,0.907725321888412,1,1,1,1,1,1,0,0,0,0,1,1
1,1,1,1,1,1,1,1,2,0.685428290121431,1,1,1,1,1,1,0,0,0,0,1,1
1,1,0,0,1,1,1,1,2,0.751940158952782,2,0.831800262812089,1,1,1,1,0,0,0,0,1,1
1,1,0,0,2,0.999693744736238,1,1,2,0.508549953022236,1,1,1,1,1,1,0,0,0,0,1,1
1,1,0,0,1,1,1,1,1,1,1,1,1,1,1,1,0,0,0,0,2,0.988253258718351
1,1,0,0,1,1,3,0.875346260387812,2,0.573386435515989,2,0.91981845688351,1,1,1,1,0,0,0,0,1,1
1,1,0,0,1,1,1,1,1,1,1,1,1,1,1,1,0,0,0,0,1,1
1,1,0,0,1,1,2,0.999494566590852,3,0.899634082592786,1,1,1,1,1,1,0,0,0,0,1,1
1,1,1,1,1,1,1,1,1,1,1,1,1,1,1,1,0,0,0,0,1,1
1,1,0,0,1,1,1,1,1,1,1,1,1,1,1,1,0,0,0,0,3,0.975957383006121
1,1,0,0,2,0.999622023434547,5,0.807666442501681,2,0.509553317841467,1,1,1,1,1,1,0,0,0,0,1,1
1,1,0,0,1,1,1,1,2,0.966567502479105,1,1,1,1,1,1,0,0,0,0,2,0.988258259923142
1,1,3,0.776470588235294,1,1,1,1,2,0.931076178960097,1,1,2,0.999659701898863,1,1,0,0,0,0,1,1
1,1,1,1,2,0.999952841311012,1,1,3,0.668396663577386,1,1,1,1,1,1,0,0,0,0,1,1
1,1,0,0,4,0.999370817365441,1,1,2,0.604220980757294,1,1,1,1,1,1,0,0,0,0,2,0.999868548894096
1,1,0,0,1,1,2,0.999646975759002,2,0.822316161100014,1,1,1,1,1,1,0,0,0,0,1,1
1,1,0,0,1,1,1,1,3,0.833451788675669,1,1,1,1,1,1,0,0,0,0,1,1
1,1,0,0,2,0.999940647535389,2,0.990697674418605,2,0.535737619234287,1,1,1,1,1,1,0,0,0,0,1,1
1,1,0,0,1,1,2,0.864406779661017,2,0.624791001671987,1,1,1,1,1,1,0,0,0,0,1,1
1,1,0,0,1,1,0,0,4,0.697546862756916,1,1,1,1,1,1,0,0,0,0,1,1
1,1,3,0.986280487804878,1,1,1,1,1,1,1,1,1,1,1,1,0,0,0,0,2,0.994517616745959
1,1,1,1,1,1,1,1,1,1,1,1,1,1,1,1,0,0,0,0,2,0.971955594997632
1,1,0,0,1,1,1,1,1,1,1,1,1,1,1,1,0,0,0,0,1,1
1,1,0,0,1,1,1,1,1,1,1,1,1,1,1,1,0,0,0,0,2,0.975568669259793
1,1,0,0,1,1,1,1,1,1,3,0.872914622178606,1,1,1,1,0,0,0,0,1,1
1,1,1,1,1,1,1,1,2,0.591888842705303,1,1,1,1,1,1,0,0,0,0,2,0.992140489440679
1,1,3,0.755205992509363,1,1,3,0.97890625,2,0.647599435609961,1,1,1,1,1,1,0,0,0,0,1,1
1,1,3,0.978244561140285,1,1,1,1,1,1,1,1,1,1,1,1,0,0,0,0,1,1
1,1,1,1,1,1,1,1,1,1,1,1,1,1,1,1,0,0,0,0,2,0.999791634109496
1,1,0,0,1,1,1,1,2,0.996478769048676,3,0.599437647237632,1,1,1,1,0,0,0,0,2,0.998248226061382
1,1,0,0,1,1,1,1,1,1,1,1,1,1,1,1,0,0,0,0,2,0.990477844346039
1,1,8,0.33,1,1,3,0.988744588744589,4,0.535968308274061,3,0.974513749161636,1,1,1,1,0,0,0,0,1,1
1,1,0,0,1,1,1,1,1,1,1,1,1,1,1,1,0,0,0,0,1,1
1,1,1,1,1,1,1,1,2,0.542607428987618,1,1,1,1,1,1,0,0,0,0,1,1
1,1,0,0,1,1,1,1,1,1,1,1,1,1,1,1,0,0,0,0,1,1
1,1,2,0.986277873070326,3,0.986536327925875,1,1,1,1,1,1,1,1,1,1,0,0,0,0,1,1
1,1,4,0.466009852216749,1,1,1,1,2,0.87972824091076,2,0.978903965095651,1,1,1,1,0,0,0,0,1,1
1,1,0,0,1,1,1,1,1,1,2,0.952167414050822,1,1,1,1,0,0,0,0,1,1
1,1,0,0,1,1,3,0.697214076246334,2,0.702836368400367,1,1,1,1,1,1,0,0,0,0,1,1
1,1,1,1,1,1,1,1,1,1,1,1,1,1,1,1,0,0,0,0,1,1
1,1,0,0,1,1,1,1,1,1,1,1,1,1,1,1,0,0,0,0,1,1
1,1,0,0,1,1,1,1,1,1,1,1,1,1,1,1,0,0,0,0,2,0.980960080914019
1,1,0,0,1,1,1,1,1,1,1,1,1,1,1,1,0,0,0,0,1,1
1,1,0,0,1,1,1,1,1,1,1,1,1,1,1,1,0,0,0,0,1,1
1,1,0,0,1,1,1,1,2,0.578124693945508,1,1,1,1,1,1,0,0,0,0,1,1
1,1,1,1,1,1,1,1,1,1,1,1,1,1,1,1,0,0,0,0,2,0.984126984126984
1,1,0,0,1,1,1,1,1,1,2,0.992264182332391,1,1,1,1,0,0,0,0,1,1
1,1,5,0.290909090909091,1,1,1,1,1,1,1,1,1,1,1,1,0,0,0,0,1,1
1,1,0,0,1,1,1,1,1,1,1,1,1,1,1,1,0,0,0,0,1,1
2,0.999850990910445,1,1,1,1,1,1,2,0.955152273675428,1,1,1,1,1,1,0,0,0,0,1,1
1,1,1,1,1,1,1,1,1,1,1,1,1,1,1,1,0,0,0,0,1,1
1,1,1,1,1,1,1,1,1,1,1,1,1,1,1,1,0,0,0,0,1,1
1,1,3,0.989316239316239,1,1,0,0,3,0.948931829092655,1,1,1,1,1,1,0,0,0,0,1,1
1,1,0,0,1,1,1,1,2,0.866057176026702,1,1,1,1,1,1,0,0,0,0,1,1
1,1,1,1,1,1,1,1,1,1,1,1,1,1,1,1,0,0,0,0,1,1
1,1,0,0,1,1,1,1,1,1,1,1,1,1,1,1,0,0,0,0,1,1
2,0.993844432008954,2,0.949873417721519,1,1,1,1,1,1,1,1,1,1,1,1,0,0,0,0,1,1
1,1,0,0,1,1,1,1,1,1,1,1,1,1,1,1,0,0,0,0,1,1
1,1,2,0.998051315362131,1,1,1,1,1,1,1,1,1,1,1,1,0,0,0,0,1,1
1,1,2,0.952725250278087,1,1,1,1,1,1,1,1,1,1,1,1,0,0,0,0,1,1
1,1,2,0.912472647702407,1,1,1,1,1,1,2,0.862659908279025,1,1,1,1,0,0,0,0,1,1
1,1,0,0,3,0.996583092966497,1,1,1,1,2,0.565061475409836,1,1,1,1,0,0,0,0,1,1
1,1,3,0.919573643410853,1,1,1,1,2,0.626225963394857,1,1,1,1,1,1,0,0,0,0,1,1
1,1,0,0,2,0.999650324698494,1,1,2,0.94804563141139,1,1,1,1,1,1,0,0,0,0,1,1
1,1,0,0,1,1,1,1,1,1,1,1,1,1,1,1,0,0,0,0,1,1
1,1,1,1,1,1,1,1,1,1,1,1,1,1,1,1,0,0,0,0,2,0.976222663521631
1,1,1,1,1,1,2,0.996368250634462,1,1,1,1,1,1,1,1,0,0,0,0,1,1
1,1,1,1,1,1,1,1,1,1,1,1,1,1,1,1,0,0,0,0,1,1
1,1,0,0,1,1,1,1,1,1,1,1,1,1,1,1,0,0,0,0,1,1
1,1,0,0,1,1,1,1,1,1,1,1,1,1,1,1,0,0,0,0,1,1
1,1,0,0,1,1,1,1,1,1,1,1,1,1,1,1,0,0,0,0,1,1
1,1,0,0,1,1,1,1,1,1,1,1,1,1,1,1,0,0,0,0,2,0.98770592981776
1,1,2,0.96529284164859,1,1,1,1,1,1,1,1,1,1,1,1,0,0,0,0,2,0.988685238081124
1,1,0,0,1,1,2,0.997043606799704,1,1,2,0.99932287552195,1,1,1,1,0,0,0,0,1,1
1,1,0,0,1,1,1,1,1,1,1,1,1,1,1,1,0,0,0,0,2,0.999357713297758
1,1,0,0,1,1,1,1,1,1,1,1,1,1,1,1,0,0,0,0,1,1
1,1,1,1,1,1,1,1,2,0.584048460373549,1,1,1,1,1,1,0,0,0,0,1,1
1,1,1,1,1,1,1,1,1,1,1,1,1,1,1,1,0,0,0,0,1,1
1,1,0,0,1,1,1,1,1,1,1,1,1,1,1,1,0,0,0,0,1,1
1,1,1,1,1,1,1,1,1,1,1,1,1,1,1,1,0,0,0,0,1,1
1,1,3,0.806587245970568,1,1,1,1,1,1,1,1,1,1,1,1,0,0,0,0,1,1
1,1,0,0,1,1,1,1,1,1,1,1,1,1,1,1,0,0,0,0,1,1
1,1,2,0.818327974276527,1,1,1,1,1,1,1,1,1,1,1,1,0,0,0,0,2,0.983732309340305
1,1,0,0,2,0.999556089408816,1,1,1,1,1,1,1,1,1,1,0,0,0,0,1,1
1,1,0,0,1,1,1,1,1,1,1,1,1,1,1,1,0,0,0,0,1,1
1,1,2,0.522388059701492,1,1,1,1,2,0.961591672705712,1,1,1,1,1,1,0,0,0,0,1,1
1,1,0,0,1,1,1,1,1,1,1,1,1,1,1,1,0,0,0,0,1,1
1,1,0,0,1,1,1,1,1,1,2,0.996978149697815,1,1,1,1,0,0,0,0,2,0.979126749436083
1,1,1,1,1,1,1,1,2,0.825726744186047,2,0.75152061275062,1,1,1,1,0,0,0,0,1,1
1,1,0,0,1,1,1,1,1,1,1,1,1,1,1,1,0,0,0,0,1,1
1,1,0,0,1,1,1,1,1,1,1,1,1,1,1,1,0,0,0,0,2,0.985614253526114
1,1,0,0,1,1,1,1,1,1,1,1,1,1,1,1,0,0,0,0,1,1
1,1,0,0,1,1,1,1,1,1,1,1,1,1,1,1,0,0,0,0,2,0.978773172522857
1,1,0,0,1,1,1,1,1,1,2,0.569046378322043,1,1,1,1,0,0,0,0,1,1
1,1,1,1,1,1,1,1,1,1,1,1,1,1,1,1,0,0,0,0,2,0.970656786876701
1,1,0,0,1,1,0,0,2,0.523258623003624,1,1,1,1,1,1,0,0,0,0,2,0.976485524789713
1,1,0,0,1,1,2,0.996649083362158,1,1,1,1,1,1,1,1,0,0,0,0,2,0.959336042452121
1,1,1,1,1,1,1,1,1,1,1,1,1,1,1,1,0,0,0,0,2,0.995508721707957
1,1,0,0,1,1,1,1,1,1,1,1,1,1,1,1,0,0,0,0,2,0.974805555231643
1,1,2,0.98531684698609,1,1,1,1,1,1,1,1,1,1,1,1,0,0,0,0,1,1
1,1,0,0,1,1,1,1,1,1,2,0.985567382283962,1,1,1,1,0,0,0,0,1,1
1,1,0,0,2,0.999907566218534,1,1,2,0.580240002798866,1,1,1,1,1,1,0,0,0,0,1,1
1,1,1,1,1,1,1,1,1,1,1,1,1,1,1,1,0,0,0,0,1,1
1,1,1,1,1,1,1,1,1,1,1,1,1,1,1,1,0,0,0,0,2,0.964336010578528
1,1,0,0,2,0.999124828091232,1,1,2,0.897654155495979,1,1,1,1,1,1,0,0,0,0,2,0.969457136910131
1,1,1,1,2,0.999830501292428,1,1,1,1,1,1,1,1,1,1,0,0,0,0,1,1
1,1,2,0.994624222620428,1,1,1,1,1,1,1,1,1,1,1,1,0,0,0,0,1,1
1,1,0,0,1,1,1,1,1,1,3,0.89862398202752,1,1,1,1,0,0,0,0,2,0.999356127651005
1,1,0,0,1,1,2,0.986679352997146,2,0.880475504322767,1,1,1,1,1,1,0,0,0,0,1,1
1,1,0,0,1,1,1,1,1,1,1,1,1,1,1,1,0,0,0,0,2,0.990033911186086
1,1,0,0,1,1,1,1,1,1,1,1,1,1,1,1,0,0,0,0,1,1
1,1,1,1,1,1,1,1,1,1,2,0.702376125212878,1,1,1,1,0,0,0,0,2,0.978495721528233
1,1,1,1,2,0.999960852629725,1,1,1,1,1,1,1,1,1,1,0,0,0,0,1,1
1,1,0,0,1,1,1,1,1,1,1,1,1,1,1,1,0,0,0,0,1,1
1,1,0,0,1,1,1,1,1,1,1,1,1,1,1,1,0,0,0,0,1,1
1,1,0,0,1,1,1,1,1,1,1,1,1,1,1,1,0,0,0,0,1,1
1,1,0,0,1,1,1,1,1,1,1,1,1,1,1,1,0,0,0,0,1,1
1,1,0,0,1,1,1,1,1,1,1,1,1,1,1,1,0,0,0,0,3,0.992672250874819
1,1,1,1,1,1,1,1,1,1,3,0.93621867881549,1,1,1,1,0,0,0,0,1,1
1,1,0,0,1,1,1,1,1,1,1,1,1,1,1,1,0,0,0,0,2,0.980319401625355
1,1,0,0,1,1,1,1,1,1,2,0.89424675756568,1,1,1,1,0,0,0,0,2,0.97350054525627
1,1,1,1,1,1,1,1,2,0.558818666867062,1,1,1,1,1,1,0,0,0,0,2,0.987350802628044
1,1,0,0,1,1,1,1,1,1,1,1,1,1,1,1,0,0,0,0,1,1
1,1,0,0,1,1,1,1,1,1,2,0.974514285714286,1,1,1,1,0,0,0,0,1,1
2,0.999634442799437,0,0,1,1,1,1,1,1,1,1,1,1,1,1,0,0,0,0,1,1
1,1,1,1,1,1,2,0.99976123204266,2,0.842195052601649,1,1,1,1,1,1,0,0,0,0,2,0.988380166886042
1,1,0,0,1,1,1,1,1,1,1,1,1,1,1,1,0,0,0,0,1,1
1,1,1,1,1,1,1,1,1,1,1,1,1,1,1,1,0,0,0,0,1,1
1,1,1,1,1,1,1,1,2,0.828917108289171,1,1,1,1,1,1,0,0,0,0,2,0.991700091004078
1,1,1,1,1,1,1,1,1,1,1,1,1,1,1,1,0,0,0,0,1,1
1,1,0,0,1,1,1,1,2,0.557262021589794,1,1,1,1,1,1,0,0,0,0,2,0.976894023550322
1,1,0,0,1,1,0,0,2,0.635429262394196,1,1,1,1,2,0.98532055122828,0,0,0,0,2,0.993657165351711
1,1,1,1,1,1,1,1,1,1,1,1,1,1,1,1,0,0,0,0,1,1
1,1,1,1,1,1,2,0.996606218504679,1,1,1,1,1,1,1,1,0,0,0,0,1,1
1,1,0,0,1,1,1,1,1,1,1,1,1,1,1,1,0,0,0,0,2,0.988243857733577
1,1,0,0,2,0.999869991419434,1,1,1,1,1,1,1,1,1,1,0,0,0,0,2,0.976633060070955
1,1,1,1,1,1,1,1,1,1,1,1,1,1,1,1,0,0,0,0,1,1
1,1,0,0,1,1,1,1,1,1,1,1,1,1,1,1,0,0,0,0,1,1
1,1,1,1,1,1,1,1,1,1,1,1,1,1,1,1,0,0,0,0,1,1
1,1,0,0,1,1,1,1,1,1,1,1,1,1,1,1,0,0,0,0,2,0.972422675344594
1,1,1,1,1,1,1,1,1,1,1,1,1,1,1,1,0,0,0,0,1,1
1,1,0,0,1,1,1,1,1,1,2,0.998754497647384,1,1,1,1,0,0,0,0,1,1
1,1,1,1,1,1,1,1,1,1,1,1,1,1,1,1,0,0,0,0,1,1
1,1,2,0.875776397515528,1,1,1,1,1,1,2,0.979480250133551,1,1,1,1,0,0,0,0,1,1
1,1,0,0,1,1,1,1,1,1,1,1,1,1,1,1,0,0,0,0,1,1
1,1,0,0,1,1,1,1,1,1,1,1,1,1,1,1,0,0,0,0,1,1
1,1,0,0,1,1,1,1,2,0.747777017783858,1,1,1,1,1,1,0,0,0,0,1,1
1,1,0,0,1,1,1,1,1,1,1,1,1,1,1,1,0,0,0,0,1,1
1,1,1,1,1,1,1,1,1,1,1,1,1,1,1,1,0,0,0,0,1,1
1,1,1,1,1,1,1,1,1,1,1,1,1,1,1,1,0,0,0,0,1,1
1,1,0,0,1,1,1,1,1,1,1,1,1,1,1,1,0,0,0,0,2,0.975890178727088
1,1,0,0,3,0.999061459723424,1,1,1,1,1,1,1,1,1,1,0,0,0,0,1,1
1,1,0,0,3,0.999188814174405,1,1,2,0.969918308505526,1,1,1,1,1,1,0,0,0,0,2,0.991917579075426
1,1,0,0,1,1,1,1,1,1,1,1,1,1,1,1,0,0,0,0,2,0.981304071383156
1,1,7,0.396694214876033,1,1,1,1,2,0.760261133734083,1,1,1,1,1,1,0,0,0,0,1,1
1,1,5,0.965718857705564,2,0.999510170409137,1,1,4,0.972797356828194,1,1,1,1,1,1,0,0,0,0,2,0.977304270135974
1,1,0,0,1,1,1,1,1,1,1,1,1,1,1,1,0,0,0,0,1,1
1,1,3,0.984409977614327,1,1,1,1,1,1,1,1,1,1,1,1,0,0,0,0,1,1
1,1,1,1,1,1,1,1,3,0.718160574194625,2,0.993360125808143,1,1,1,1,0,0,0,0,2,0.957200542896403
1,1,0,0,1,1,1,1,1,1,1,1,1,1,1,1,0,0,0,0,1,1
1,1,0,0,1,1,1,1,1,1,1,1,1,1,1,1,0,0,0,0,1,1
1,1,1,1,1,1,2,0.998708844415752,1,1,1,1,1,1,1,1,0,0,0,0,2,0.989676599003137
1,1,2,0.997587454764777,1,1,5,0.911196911196911,2,0.660428336079077,2,0.986219081272085,1,1,1,1,0,0,0,0,1,1
1,1,0,0,1,1,1,1,1,1,2,0.999687581359021,1,1,1,1,0,0,0,0,1,1
1,1,0,0,1,1,1,1,1,1,1,1,1,1,1,1,0,0,0,0,1,1
1,1,0,0,1,1,0,0,2,0.593832760037746,0,0,1,1,1,1,0,0,0,0,1,1
1,1,3,0.5,1,1,4,0.643312101910828,2,0.633876841582519,1,1,1,1,1,1,0,0,0,0,1,1
1,1,0,0,1,1,1,1,2,0.64571743597454,1,1,1,1,1,1,0,0,0,0,2,0.980145274493623
1,1,2,0.529911624745071,1,1,0,0,2,0.687694305615678,1,1,1,1,1,1,0,0,0,0,2,0.991856505859008
1,1,1,1,1,1,1,1,2,0.994851994851995,1,1,1,1,1,1,0,0,0,0,1,1
1,1,0,0,1,1,1,1,1,1,1,1,1,1,1,1,0,0,0,0,2,0.981042642085687
1,1,0,0,2,0.999629198465054,1,1,1,1,2,0.871792742672092,1,1,1,1,0,0,0,0,1,1
1,1,0,0,1,1,2,0.955869308101715,1,1,1,1,1,1,1,1,0,0,0,0,1,1
1,1,0,0,1,1,1,1,1,1,1,1,1,1,1,1,0,0,0,0,1,1
1,1,3,0.928659286592866,1,1,0,0,2,0.700240818783865,1,1,1,1,1,1,0,0,0,0,2,0.986293241124672
1,1,0,0,1,1,1,1,2,0.828389034923019,1,1,1,1,1,1,0,0,0,0,2,0.990851192307254
1,1,1,1,1,1,1,1,1,1,1,1,1,1,1,1,0,0,0,0,1,1
1,1,0,0,1,1,1,1,2,0.693082946635731,1,1,1,1,1,1,0,0,0,0,1,1
1,1,0,0,3,0.988083280843023,1,1,1,1,1,1,1,1,1,1,0,0,0,0,1,1
1,1,1,1,1,1,1,1,1,1,1,1,1,1,1,1,0,0,0,0,1,1
1,1,2,0.99752020573108,1,1,1,1,1,1,1,1,1,1,1,1,0,0,0,0,1,1
1,1,0,0,1,1,1,1,2,0.928883548175661,1,1,1,1,1,1,0,0,0,0,2,0.985897953875019
1,1,0,0,1,1,1,1,1,1,1,1,1,1,1,1,0,0,0,0,1,1
1,1,0,0,1,1,1,1,1,1,1,1,1,1,1,1,0,0,0,0,1,1
1,1,0,0,1,1,3,0.998883028234564,2,0.661518381553187,1,1,1,1,1,1,0,0,0,0,1,1
2,0.996354003898984,0,0,1,1,1,1,1,1,1,1,1,1,1,1,0,0,0,0,1,1
1,1,1,1,1,1,1,1,2,0.997663303239511,2,0.996660673002826,1,1,1,1,0,0,0,0,1,1
1,1,0,0,1,1,1,1,1,1,1,1,1,1,1,1,0,0,0,0,1,1
1,1,1,1,1,1,1,1,1,1,1,1,1,1,1,1,0,0,0,0,2,0.982083727694866
1,1,2,0.995016611295681,1,1,1,1,1,1,1,1,1,1,1,1,0,0,0,0,1,1
1,1,1,1,1,1,1,1,1,1,1,1,1,1,1,1,0,0,0,0,1,1
1,1,1,1,1,1,1,1,1,1,1,1,1,1,1,1,0,0,0,0,1,1
1,1,1,1,1,1,1,1,1,1,1,1,1,1,1,1,0,0,0,0,1,1
1,1,2,0.937173882386123,1,1,1,1,1,1,1,1,1,1,1,1,0,0,0,0,1,1
1,1,1,1,1,1,3,0.8674467341949,2,0.518559197224233,1,1,1,1,1,1,0,0,0,0,1,1
1,1,0,0,1,1,1,1,3,0.827508223684211,3,0.861931985935529,1,1,1,1,0,0,0,0,2,0.999576302822159
1,1,0,0,1,1,1,1,2,0.971537605342662,1,1,1,1,1,1,0,0,0,0,2,0.984569979612403
1,1,0,0,1,1,1,1,3,0.934583452619525,2,0.763932270261384,1,1,1,1,0,0,0,0,1,1
1,1,0,0,1,1,4,0.974229691876751,2,0.558631313602838,1,1,1,1,1,1,0,0,0,0,1,1
1,1,1,1,1,1,1,1,1,1,2,0.791029966263147,1,1,1,1,0,0,0,0,1,1
1,1,1,1,1,1,1,1,1,1,1,1,1,1,1,1,0,0,0,0,2,0.966565684384467
1,1,0,0,4,0.999519492584169,2,0.999546639465035,2,0.561497437606766,1,1,1,1,1,1,0,0,0,0,1,1
1,1,1,1,1,1,1,1,1,1,1,1,1,1,1,1,0,0,0,0,1,1
1,1,1,1,1,1,1,1,1,1,2,0.906651221160344,1,1,1,1,0,0,0,0,1,1
1,1,1,1,1,1,1,1,1,1,2,0.989794591783671,1,1,1,1,0,0,0,0,3,0.969494772724445
1,1,2,0.5,1,1,1,1,1,1,1,1,1,1,1,1,0,0,0,0,1,1
1,1,1,1,1,1,1,1,2,0.512102276808159,4,0.572123176661264,1,1,1,1,0,0,0,0,1,1
1,1,2,0.550317316409791,1,1,1,1,2,0.832143357132857,2,0.99929718875502,1,1,1,1,0,0,0,0,1,1
1,1,0,0,2,0.999479299886725,1,1,2,0.674621666784344,1,1,1,1,1,1,0,0,0,0,1,1
1,1,0,0,1,1,1,1,2,0.869311813494732,2,0.764676886676197,1,1,1,1,0,0,0,0,1,1
1,1,1,1,1,1,1,1,1,1,1,1,1,1,1,1,0,0,0,0,2,0.988145060753256
1,1,1,1,1,1,1,1,1,1,1,1,1,1,1,1,0,0,0,0,1,1
1,1,5,0.801507537688442,1,1,2,0.958333333333333,2,0.512583650439575,1,1,1,1,1,1,0,0,0,0,1,1
1,1,1,1,1,1,1,1,1,1,1,1,1,1,1,1,0,0,0,0,1,1
1,1,1,1,2,0.999895895145591,2,0.999120925489644,2,0.969763500500732,1,1,1,1,1,1,0,0,0,0,1,1
1,1,0,0,1,1,1,1,2,0.958622983535673,1,1,1,1,1,1,0,0,0,0,1,1
1,1,2,0.540229885057471,1,1,1,1,2,0.540802129332769,1,1,1,1,1,1,0,0,0,0,1,1
1,1,0,0,2,0.999908941904935,1,1,1,1,1,1,1,1,1,1,0,0,0,0,2,0.9839369064864
1,1,1,1,1,1,1,1,1,1,1,1,1,1,1,1,0,0,0,0,2,0.977740239932432
1,1,0,0,1,1,1,1,1,1,1,1,1,1,1,1,0,0,0,0,1,1
1,1,1,1,1,1,1,1,1,1,1,1,1,1,1,1,0,0,0,0,1,1
1,1,1,1,1,1,1,1,1,1,1,1,1,1,1,1,0,0,0,0,3,0.953726825223136
1,1,0,0,1,1,1,1,1,1,1,1,1,1,1,1,0,0,0,0,1,1
1,1,2,0.999083409715857,1,1,1,1,1,1,1,1,1,1,1,1,0,0,0,0,1,1
1,1,0,0,1,1,1,1,1,1,1,1,1,1,1,1,0,0,0,0,2,0.989420861559925
1,1,1,1,2,0.998567898461193,1,1,1,1,1,1,1,1,1,1,0,0,0,0,1,1
1,1,0,0,1,1,1,1,1,1,2,0.989516864175023,1,1,1,1,0,0,0,0,1,1
1,1,1,1,1,1,1,1,1,1,1,1,1,1,1,1,0,0,0,0,1,1
1,1,0,0,1,1,1,1,1,1,1,1,1,1,1,1,0,0,0,0,2,0.997995420978355
1,1,1,1,1,1,1,1,2,0.628254220552465,1,1,1,1,1,1,0,0,0,0,1,1
1,1,1,1,1,1,2,0.999554002824649,2,0.779802017009806,1,1,1,1,1,1,0,0,0,0,1,1
1,1,3,0.899038461538462,2,0.999311827956989,1,1,1,1,1,1,1,1,1,1,0,0,0,0,2,0.977737051792829
1,1,1,1,1,1,1,1,3,0.997811906531253,1,1,1,1,1,1,0,0,0,0,2,0.981020190755198
1,1,0,0,1,1,1,1,1,1,3,0.993685180917262,1,1,1,1,0,0,0,0,1,1
1,1,1,1,1,1,1,1,1,1,1,1,1,1,1,1,0,0,0,0,1,1
1,1,0,0,1,1,1,1,1,1,1,1,1,1,1,1,0,0,0,0,1,1
1,1,1,1,1,1,1,1,1,1,1,1,1,1,1,1,0,0,0,0,1,1
1,1,1,1,1,1,1,1,2,0.806440944230849,1,1,1,1,1,1,0,0,0,0,1,1
1,1,1,1,1,1,1,1,1,1,1,1,1,1,1,1,0,0,0,0,1,1
1,1,0,0,1,1,1,1,1,1,1,1,1,1,1,1,0,0,0,0,2,0.983058134675031
1,1,0,0,2,0.999690699141235,1,1,1,1,1,1,1,1,1,1,0,0,0,0,1,1
1,1,1,1,1,1,1,1,1,1,1,1,1,1,1,1,0,0,0,0,1,1
1,1,0,0,1,1,1,1,1,1,1,1,1,1,1,1,0,0,0,0,1,1
1,1,1,1,1,1,1,1,1,1,1,1,1,1,1,1,0,0,0,0,1,1
1,1,2,0.778054862842893,1,1,1,1,1,1,1,1,1,1,1,1,0,0,0,0,1,1
1,1,0,0,1,1,2,0.999250149970006,2,0.872409930931492,1,1,1,1,1,1,0,0,0,0,1,1
1,1,0,0,1,1,1,1,1,1,1,1,1,1,1,1,0,0,0,0,1,1
1,1,0,0,1,1,1,1,2,0.999279386206604,1,1,1,1,1,1,0,0,0,0,1,1
1,1,0,0,1,1,1,1,1,1,2,0.882363409859406,1,1,1,1,0,0,0,0,2,0.983465893431773
2,0.999418266433973,0,0,2,0.999454163368904,1,1,1,1,1,1,1,1,1,1,0,0,0,0,2,0.990375098470923
1,1,1,1,1,1,1,1,1,1,1,1,1,1,1,1,0,0,0,0,1,1
1,1,2,0.692307692307692,1,1,1,1,1,1,1,1,1,1,1,1,0,0,0,0,1,1
1,1,1,1,1,1,1,1,1,1,1,1,1,1,1,1,0,0,0,0,1,1
1,1,1,1,1,1,1,1,1,1,1,1,1,1,1,1,0,0,0,0,1,1
1,1,0,0,1,1,1,1,2,0.997913841660582,1,1,1,1,1,1,0,0,0,0,1,1
1,1,0,0,2,0.999772263172678,1,1,1,1,1,1,1,1,1,1,0,0,0,0,1,1
1,1,0,0,1,1,1,1,2,0.980810234541578,1,1,1,1,1,1,0,0,0,0,2,0.982857223448441
1,1,0,0,1,1,1,1,1,1,2,0.887840938057609,1,1,1,1,0,0,0,0,1,1
1,1,1,1,1,1,1,1,1,1,1,1,1,1,1,1,0,0,0,0,1,1
1,1,1,1,1,1,1,1,1,1,1,1,1,1,1,1,0,0,0,0,2,0.9914738184199
1,1,1,1,1,1,1,1,1,1,1,1,1,1,1,1,0,0,0,0,1,1
1,1,1,1,1,1,1,1,1,1,1,1,1,1,1,1,0,0,0,0,2,0.967074181458961
1,1,0,0,1,1,1,1,1,1,1,1,1,1,1,1,0,0,0,0,1,1
1,1,0,0,1,1,1,1,1,1,2,0.961323279007541,1,1,1,1,0,0,0,0,1,1
1,1,0,0,2,0.999412707734798,1,1,1,1,1,1,1,1,1,1,0,0,0,0,1,1
1,1,0,0,1,1,1,1,2,0.573875903501361,1,1,1,1,1,1,0,0,0,0,1,1
1,1,1,1,2,0.999509930358525,3,0.998701111271468,2,0.791163635205301,1,1,1,1,1,1,0,0,0,0,2,0.999734434409129
1,1,0,0,1,1,1,1,2,0.875887373374811,1,1,1,1,1,1,0,0,0,0,1,1
1,1,1,1,1,1,1,1,1,1,1,1,1,1,1,1,0,0,0,0,1,1
1,1,1,1,1,1,1,1,1,1,1,1,1,1,1,1,0,0,0,0,2,0.984769914348081
1,1,2,0.971526195899772,1,1,1,1,1,1,1,1,1,1,1,1,0,0,0,0,2,0.974957806211503
1,1,1,1,1,1,1,1,2,0.894173171174442,1,1,1,1,1,1,0,0,0,0,1,1
1,1,0,0,1,1,1,1,1,1,1,1,1,1,1,1,0,0,0,0,2,0.985622838325337
1,1,1,1,1,1,1,1,1,1,1,1,1,1,1,1,0,0,0,0,1,1
1,1,0,0,1,1,1,1,1,1,1,1,1,1,1,1,0,0,0,0,1,1
1,1,2,0.865229110512129,1,1,1,1,1,1,1,1,1,1,2,0.987152632313923,0,0,0,0,2,0.999963826366559
1,1,0,0,1,1,1,1,1,1,1,1,1,1,1,1,0,0,0,0,1,1
1,1,0,0,1,1,1,1,1,1,1,1,1,1,1,1,0,0,0,0,2,0.983171201165271
1,1,0,0,1,1,1,1,1,1,1,1,1,1,1,1,0,0,0,0,1,1
1,1,2,0.900473933649289,1,1,1,1,2,0.75360246397536,1,1,1,1,1,1,0,0,0,0,1,1
1,1,1,1,1,1,1,1,1,1,1,1,1,1,1,1,0,0,0,0,2,0.983043727456663
1,1,0,0,1,1,2,0.990094511086878,1,1,1,1,1,1,1,1,0,0,0,0,1,1
1,1,1,1,1,1,2,0.971622701838529,2,0.733820065944418,1,1,1,1,1,1,0,0,0,0,1,1
1,1,2,0.903800874537504,1,1,1,1,2,0.971203949172685,1,1,1,1,1,1,0,0,0,0,1,1
1,1,0,0,1,1,1,1,1,1,1,1,1,1,1,1,0,0,0,0,1,1
1,1,1,1,1,1,1,1,2,0.573988508979871,1,1,1,1,1,1,0,0,0,0,1,1
1,1,0,0,2,0.998287910552061,1,1,1,1,1,1,1,1,1,1,0,0,0,0,1,1
1,1,2,0.90280777537797,1,1,1,1,1,1,1,1,1,1,1,1,0,0,0,0,1,1
1,1,0,0,1,1,1,1,1,1,1,1,1,1,1,1,0,0,0,0,1,1
1,1,1,1,1,1,1,1,1,1,1,1,1,1,1,1,0,0,0,0,1,1
1,1,1,1,1,1,2,0.550430504305043,2,0.524072341752417,1,1,1,1,1,1,0,0,0,0,1,1
1,1,2,0.994593945218645,1,1,2,0.999150652935556,2,0.983791466327981,1,1,1,1,1,1,0,0,0,0,4,0.9791008164292
1,1,1,1,1,1,2,0.85,2,0.634778012684989,1,1,1,1,1,1,0,0,0,0,2,0.997173621423089
1,1,1,1,1,1,1,1,1,1,1,1,1,1,1,1,0,0,0,0,1,1
1,1,1,1,1,1,1,1,2,0.506956196447976,1,1,1,1,1,1,0,0,0,0,2,0.980035388775749
1,1,2,0.620211898940505,2,0.999929576087169,1,1,1,1,1,1,1,1,1,1,0,0,0,0,1,1
1,1,0,0,1,1,2,0.968172173385874,2,0.533404435693385,1,1,1,1,1,1,0,0,0,0,1,1
1,1,2,0.96,1,1,1,1,2,0.833116749880309,1,1,1,1,1,1,0,0,0,0,1,1
1,1,0,0,1,1,1,1,1,1,1,1,1,1,1,1,0,0,0,0,1,1
1,1,0,0,1,1,1,1,1,1,1,1,1,1,1,1,0,0,0,0,2,0.976000317001867
1,1,1,1,1,1,1,1,1,1,1,1,1,1,1,1,0,0,0,0,1,1
1,1,1,1,1,1,1,1,1,1,1,1,1,1,1,1,0,0,0,0,1,1
1,1,1,1,1,1,1,1,2,0.790900571945584,1,1,1,1,1,1,0,0,0,0,1,1
1,1,1,1,1,1,1,1,1,1,1,1,1,1,1,1,0,0,0,0,1,1
1,1,0,0,1,1,1,1,1,1,1,1,1,1,1,1,0,0,0,0,1,1
1,1,0,0,3,0.991001358285542,1,1,1,1,2,0.987943262411348,1,1,1,1,0,0,0,0,2,0.983966997183925
1,1,0,0,2,0.999814610543098,2,0.998724218583883,2,0.604069827497159,1,1,1,1,1,1,0,0,0,0,1,1
1,1,0,0,1,1,1,1,2,0.996763754045307,1,1,1,1,1,1,0,0,0,0,2,0.983407623944838
1,1,1,1,1,1,3,0.993731003039514,2,0.565697376657372,1,1,1,1,1,1,0,0,0,0,1,1
1,1,0,0,1,1,1,1,1,1,1,1,1,1,1,1,0,0,0,0,2,0.987188895240155
1,1,2,0.973782771535581,1,1,1,1,1,1,1,1,1,1,1,1,0,0,0,0,1,1
1,1,0,0,1,1,6,0.72078501338091,2,0.603798437739317,1,1,1,1,1,1,0,0,0,0,2,0.989722400270695
1,1,2,0.97444089456869,1,1,1,1,1,1,2,0.997617832227327,1,1,1,1,0,0,0,0,1,1
1,1,0,0,1,1,1,1,2,0.914347677205798,1,1,1,1,1,1,0,0,0,0,1,1
1,1,0,0,1,1,1,1,2,0.816578812333815,1,1,1,1,1,1,0,0,0,0,2,0.969774493541414
1,1,0,0,1,1,1,1,1,1,1,1,1,1,1,1,0,0,0,0,1,1
1,1,0,0,1,1,1,1,2,0.515186028853455,0,0,1,1,1,1,0,0,0,0,1,1
1,1,0,0,1,1,1,1,2,0.557956090926753,1,1,1,1,1,1,0,0,0,0,1,1
1,1,0,0,1,1,1,1,1,1,1,1,1,1,1,1,0,0,0,0,2,0.98325592700028
1,1,3,0.679144385026738,1,1,1,1,1,1,1,1,1,1,1,1,0,0,0,0,1,1
1,1,1,1,1,1,1,1,1,1,1,1,1,1,1,1,0,0,0,0,2,0.981511058529692
1,1,0,0,2,0.994843489772388,1,1,1,1,1,1,1,1,1,1,0,0,0,0,1,1
1,1,1,1,1,1,1,1,2,0.953099173553719,1,1,1,1,1,1,0,0,0,0,1,1
1,1,0,0,1,1,1,1,1,1,1,1,1,1,1,1,0,0,0,0,1,1
1,1,1,1,1,1,1,1,1,1,1,1,1,1,1,1,0,0,0,0,1,1
1,1,1,1,1,1,1,1,1,1,1,1,1,1,2,0.996678743961353,0,0,0,0,2,0.988199736421065
1,1,0,0,1,1,1,1,1,1,1,1,1,1,1,1,0,0,0,0,2,0.976324164916998
1,1,0,0,1,1,2,0.999239708917128,2,0.602217526141011,1,1,1,1,1,1,0,0,0,0,1,1
1,1,2,0.993345656192237,1,1,1,1,1,1,1,1,1,1,1,1,0,0,0,0,3,0.972063760850704
1,1,3,0.977142857142857,1,1,1,1,3,0.921335525483749,1,1,1,1,1,1,0,0,0,0,1,1
1,1,1,1,1,1,3,0.997161824129305,1,1,1,1,1,1,1,1,0,0,0,0,1,1
1,1,0,0,1,1,1,1,1,1,1,1,1,1,1,1,0,0,0,0,2,0.984447936947292
2,0.994707759358705,2,0.875,2,0.999891409397431,1,1,1,1,1,1,1,1,1,1,0,0,0,0,1,1
1,1,0,0,1,1,1,1,1,1,1,1,1,1,1,1,0,0,0,0,1,1
1,1,0,0,2,0.990995541312526,1,1,1,1,1,1,1,1,1,1,0,0,0,0,1,1
1,1,0,0,1,1,1,1,1,1,1,1,1,1,1,1,0,0,0,0,2,0.971948488924469
1,1,0,0,1,1,1,1,2,0.527939581408428,1,1,1,1,1,1,0,0,0,0,1,1
1,1,3,0.448598130841121,1,1,1,1,1,1,1,1,1,1,1,1,0,0,0,0,2,0.987697239364431
1,1,0,0,1,1,2,0.992892613856634,1,1,1,1,1,1,1,1,0,0,0,0,1,1
1,1,1,1,1,1,1,1,2,0.969446456726467,1,1,1,1,1,1,0,0,0,0,2,0.979172713708836
1,1,0,0,1,1,1,1,2,0.64930319510537,1,1,1,1,1,1,0,0,0,0,2,0.991656632387399
1,1,0,0,1,1,1,1,1,1,1,1,1,1,1,1,0,0,0,0,1,1
1,1,1,1,1,1,1,1,1,1,1,1,1,1,1,1,0,0,0,0,1,1
1,1,2,0.881720928078544,2,0.999566047561187,2,0.997367951463241,1,1,1,1,1,1,1,1,0,0,0,0,2,0.974399779988083
1,1,0,0,1,1,1,1,1,1,1,1,1,1,1,1,0,0,0,0,2,0.983169079049945
1,1,0,0,1,1,1,1,2,0.640066654323273,1,1,1,1,1,1,0,0,0,0,2,0.974300511383994
1,1,1,1,1,1,2,0.999626757350807,2,0.850220264317181,1,1,1,1,1,1,0,0,0,0,2,0.984424924153085
1,1,2,0.981035740335522,1,1,1,1,1,1,1,1,1,1,1,1,0,0,0,0,1,1
1,1,1,1,1,1,1,1,1,1,1,1,1,1,1,1,0,0,0,0,2,0.999418836680233
1,1,1,1,2,0.996105745984867,1,1,2,0.905188173737628,1,1,1,1,1,1,0,0,0,0,2,0.962064200425929
1,1,0,0,1,1,1,1,3,0.960047639670853,1,1,1,1,1,1,0,0,0,0,1,1
1,1,2,0.9,1,1,1,1,2,0.536386507640701,1,1,1,1,1,1,0,0,0,0,1,1
1,1,0,0,1,1,2,0.996411483253589,2,0.58266255362221,1,1,1,1,1,1,0,0,0,0,1,1
1,1,1,1,1,1,1,1,1,1,1,1,1,1,1,1,0,0,0,0,2,0.994465714163494
1,1,2,0.855555555555556,3,0.995817117859273,2,0.516129032258065,3,0.730350120813,2,0.997928116165961,1,1,1,1,0,0,0,0,1,1
1,1,1,1,4,0.53251541879435,1,1,1,1,1,1,3,0.989488862236716,1,1,0,0,0,0,1,1
1,1,0,0,1,1,1,1,1,1,2,0.635610766045549,1,1,1,1,0,0,0,0,1,1
1,1,1,1,1,1,1,1,2,0.820908927609125,2,0.993248575186322,1,1,1,1,0,0,0,0,1,1
1,1,0,0,1,1,1,1,2,0.569652687418677,1,1,1,1,1,1,0,0,0,0,2,0.960476614973591
1,1,1,1,1,1,1,1,1,1,1,1,1,1,1,1,0,0,0,0,1,1
1,1,0,0,1,1,1,1,1,1,1,1,1,1,1,1,0,0,0,0,2,0.983091184768631
1,1,2,0.636680884063591,1,1,1,1,2,0.559982882411678,1,1,1,1,1,1,0,0,0,0,1,1
1,1,1,1,1,1,1,1,1,1,1,1,1,1,1,1,0,0,0,0,2,0.972816540977382
1,1,0,0,1,1,1,1,1,1,1,1,1,1,1,1,0,0,0,0,1,1
1,1,0,0,2,0.999756159512319,1,1,2,0.993273199816542,1,1,1,1,1,1,0,0,0,0,4,0.977956099446713
1,1,0,0,1,1,1,1,1,1,1,1,1,1,1,1,0,0,0,0,1,1
1,1,0,0,1,1,1,1,1,1,1,1,1,1,1,1,0,0,0,0,1,1
1,1,0,0,1,1,2,0.999582579657715,2,0.866835163099281,1,1,1,1,1,1,0,0,0,0,2,0.997560497541956
1,1,1,1,2,0.999889657201707,1,1,1,1,1,1,1,1,1,1,0,0,0,0,1,1
1,1,1,1,1,1,1,1,1,1,1,1,1,1,1,1,0,0,0,0,1,1
1,1,0,0,1,1,1,1,1,1,1,1,1,1,1,1,0,0,0,0,1,1
1,1,0,0,1,1,1,1,1,1,1,1,1,1,1,1,0,0,0,0,2,0.971120262588355
1,1,0,0,1,1,1,1,1,1,1,1,1,1,1,1,0,0,0,0,1,1
2,0.999906492534987,1,1,1,1,2,0.999119214339191,4,0.81915304770318,1,1,1,1,1,1,0,0,0,0,2,0.975801251565692
1,1,3,0.935651271406331,1,1,1,1,1,1,1,1,1,1,1,1,0,0,0,0,1,1
1,1,2,0.905646890636169,1,1,1,1,3,0.685879078772234,1,1,1,1,1,1,0,0,0,0,1,1
1,1,2,0.998529411764706,1,1,1,1,1,1,1,1,1,1,1,1,0,0,0,0,1,1
1,1,0,0,1,1,1,1,1,1,1,1,1,1,1,1,0,0,0,0,1,1
1,1,0,0,1,1,1,1,1,1,1,1,1,1,1,1,0,0,0,0,1,1
1,1,0,0,1,1,1,1,1,1,1,1,1,1,1,1,0,0,0,0,1,1
1,1,0,0,2,0.999949447077409,1,1,1,1,1,1,1,1,1,1,0,0,0,0,3,0.965439977607501
1,1,0,0,1,1,1,1,2,0.995876713740851,1,1,1,1,1,1,0,0,0,0,2,0.991180207788325
1,1,4,0.75448275862069,2,0.998853928687221,1,1,2,0.834090341901672,1,1,1,1,1,1,0,0,0,0,2,0.992050450538363
1,1,1,1,1,1,2,0.996381909547739,2,0.520842755329601,1,1,1,1,1,1,0,0,0,0,1,1
1,1,1,1,1,1,1,1,1,1,1,1,1,1,1,1,0,0,0,0,1,1
1,1,1,1,1,1,1,1,1,1,1,1,1,1,1,1,0,0,0,0,1,1
1,1,0,0,1,1,1,1,1,1,1,1,1,1,1,1,0,0,0,0,1,1
1,1,1,1,1,1,1,1,2,0.969218241042345,3,0.793156393946041,1,1,1,1,0,0,0,0,1,1
1,1,1,1,1,1,1,1,1,1,1,1,1,1,1,1,0,0,0,0,1,1
1,1,1,1,1,1,1,1,1,1,1,1,1,1,1,1,0,0,0,0,2,0.975246782081671
1,1,1,1,1,1,1,1,1,1,1,1,1,1,1,1,0,0,0,0,2,0.976104888199426
1,1,1,1,1,1,1,1,1,1,1,1,1,1,1,1,0,0,0,0,2,0.986589615945477
1,1,1,1,1,1,1,1,1,1,1,1,1,1,1,1,0,0,0,0,2,0.996573206436795
1,1,1,1,1,1,1,1,1,1,1,1,1,1,1,1,0,0,0,0,2,0.987830445339392
1,1,1,1,1,1,1,1,1,1,1,1,1,1,1,1,0,0,0,0,3,0.978287789309542
1,1,0,0,1,1,1,1,1,1,1,1,1,1,1,1,0,0,0,0,2,0.976625866961517
1,1,0,0,1,1,1,1,1,1,1,1,1,1,1,1,0,0,0,0,1,1
1,1,1,1,1,1,2,0.996018820123055,3,0.517297466374726,2,0.998571938593359,1,1,1,1,0,0,0,0,2,0.983101791500614
1,1,1,1,1,1,1,1,1,1,1,1,1,1,1,1,0,0,0,0,2,0.980218708446387
1,1,0,0,1,1,4,0.346911957950066,2,0.587733000104134,1,1,1,1,1,1,0,0,0,0,1,1
1,1,0,0,1,1,1,1,1,1,1,1,1,1,1,1,0,0,0,0,1,1
1,1,1,1,1,1,0,0,2,0.745565628695309,1,1,1,1,1,1,0,0,0,0,1,1
1,1,0,0,1,1,1,1,1,1,2,0.713906111603189,1,1,1,1,0,0,0,0,2,0.99777291859494
1,1,0,0,1,1,0,0,2,0.606894231515748,1,1,1,1,1,1,0,0,0,0,1,1
1,1,2,0.846179889403002,1,1,1,1,1,1,2,0.993663771078181,1,1,1,1,0,0,0,0,1,1
1,1,1,1,1,1,1,1,1,1,2,0.937112763320942,1,1,1,1,0,0,0,0,1,1
1,1,3,0.845930232558139,1,1,1,1,1,1,1,1,1,1,1,1,0,0,0,0,2,0.999985541088611
1,1,2,0.808398950131234,4,0.923999552872792,1,1,3,0.688629430945619,1,1,1,1,1,1,0,0,0,0,1,1
1,1,0,0,1,1,1,1,1,1,1,1,1,1,1,1,0,0,0,0,2,0.994856776600679
1,1,0,0,2,0.936856629725349,1,1,1,1,1,1,1,1,1,1,0,0,0,0,1,1
1,1,1,1,1,1,1,1,1,1,1,1,1,1,1,1,0,0,0,0,2,0.99170490894658
1,1,3,0.824929407018959,1,1,1,1,1,1,1,1,1,1,1,1,0,0,0,0,1,1
1,1,3,0.876344086021505,1,1,1,1,1,1,2,0.958425678257547,1,1,1,1,0,0,0,0,1,1
1,1,2,0.52431289640592,2,0.879952096733693,2,0.999081831745667,2,0.809336823734729,3,0.838922698433251,1,1,1,1,0,0,0,0,1,1
1,1,0,0,1,1,1,1,2,0.906310837118754,1,1,1,1,1,1,0,0,0,0,1,1
1,1,0,0,1,1,1,1,2,0.607522716066775,1,1,1,1,2,0.962539682539683,0,0,0,0,1,1
1,1,0,0,1,1,1,1,2,0.58362327049114,1,1,1,1,1,1,0,0,0,0,1,1
1,1,2,0.991649269311065,1,1,1,1,2,0.760344256868587,1,1,1,1,1,1,0,0,0,0,2,0.955157086185866
1,1,0,0,1,1,2,0.999317114810073,1,1,1,1,1,1,1,1,0,0,0,0,1,1
1,1,1,1,1,1,1,1,1,1,1,1,1,1,1,1,0,0,0,0,1,1
1,1,0,0,1,1,1,1,1,1,1,1,1,1,1,1,0,0,0,0,2,0.998062910509031
1,1,0,0,1,1,1,1,2,0.995972347460174,1,1,1,1,1,1,0,0,0,0,2,0.987642203353752
1,1,2,0.832402234636871,1,1,1,1,1,1,1,1,1,1,1,1,0,0,0,0,1,1
1,1,0,0,1,1,1,1,1,1,2,0.878625429553265,1,1,1,1,0,0,0,0,2,0.975981782767177
1,1,1,1,1,1,8,0.6195626616506,2,0.512579222926426,1,1,1,1,1,1,0,0,0,0,1,1
1,1,3,0.9375,1,1,4,0.896798853320593,1,1,1,1,1,1,1,1,0,0,0,0,1,1
1,1,0,0,1,1,1,1,3,0.7481779247126,1,1,1,1,1,1,0,0,0,0,1,1
1,1,0,0,1,1,1,1,1,1,1,1,1,1,1,1,0,0,0,0,1,1
1,1,0,0,1,1,1,1,2,0.718254183137488,2,0.783155248271527,1,1,1,1,0,0,0,0,2,0.991902791599015
1,1,0,0,1,1,1,1,2,0.656433843191785,1,1,1,1,1,1,0,0,0,0,1,1
